Date,PA1436583006-P,US22160K1051-P,US4581401001-P,AN8068571086-P
2004-01-02,39.82,36.32,32.16,27.33
2004-01-05,40.43,36.15,32.91,27.755
2004-01-06,40.75,36.56,32.9,27.455
2004-01-07,40.83,37.08,33.99,26.775
2004-01-08,41.24,37.26,34.24,26.925
2004-01-09,41.03,37.96,33.97,27.0
2004-01-12,41.04,37.7,34.15,26.675
2004-01-13,40.82,37.86,33.59,26.75
2004-01-14,42.28,37.04,33.39,26.61
2004-01-15,42.87,37.07,33.06,26.345
2004-01-16,43.65,37.07,32.89,26.945
2004-01-19,43.65,37.07,32.89,26.945
2004-01-20,43.9,36.4,32.61,27.815
2004-01-21,43.7,36.55,32.2,28.025
2004-01-22,43.79,36.5,31.63,27.79
2004-01-23,43.7,37.35,31.75,29.885
2004-01-26,44.35,37.12,32.43,30.53
2004-01-27,43.52,36.69,31.63,31.0
2004-01-28,42.74,36.08,31.38,30.925
2004-01-29,44.39,36.9,30.89,30.91
2004-01-30,44.42,36.94,30.52,30.59
2004-02-02,44.88,37.22,30.32,30.8
2004-02-03,44.0,37.13,31.4,30.815
2004-02-04,43.35,37.3,30.02,30.84
2004-02-05,43.87,37.92,29.92,30.425
2004-02-06,44.23,38.14,30.88,30.61
2004-02-09,43.92,38.31,30.57,31.065
2004-02-10,43.86,39.41,30.54,31.73
2004-02-11,44.1,39.15,30.99,31.735
2004-02-12,43.78,37.75,30.74,31.99
2004-02-13,44.43,37.61,30.14,32.015
2004-02-16,44.43,37.61,30.14,32.015
2004-02-17,45.64,37.76,30.81,32.035
2004-02-18,45.11,37.83,30.6,31.5
2004-02-19,44.8,37.48,29.89,31.72
2004-02-20,44.55,38.18,30.0,31.555
2004-02-23,44.28,38.15,29.0,31.63
2004-02-24,44.9,38.45,29.2,32.235
2004-02-25,45.15,38.69,29.62,32.23
2004-02-26,44.9,38.6,29.5,32.38
2004-02-27,44.37,38.86,29.2,32.245
2004-03-01,45.25,39.94,29.69,33.235
2004-03-02,45.22,39.71,29.6,33.18
2004-03-03,45.41,38.31,29.04,32.89
2004-03-04,45.6,38.64,29.65,32.685
2004-03-05,45.61,38.15,28.95,32.495
2004-03-08,45.24,37.79,27.7,32.565
2004-03-09,45.24,37.56,27.98,32.39
2004-03-10,44.41,37.47,27.31,31.6
2004-03-11,42.46,37.63,27.08,31.08
2004-03-12,42.94,38.3,27.69,31.25
2004-03-15,41.47,37.42,27.1,31.33
2004-03-16,40.91,37.04,27.16,31.255
2004-03-17,42.62,37.31,27.79,32.385
2004-03-18,42.67,37.38,27.2,32.49
2004-03-19,42.51,37.23,26.49,31.83
2004-03-22,41.97,36.71,26.23,31.175
2004-03-23,42.3,36.47,26.16,31.07
2004-03-24,42.85,36.44,26.53,30.54
2004-03-25,43.43,36.96,27.79,30.555
2004-03-26,43.87,36.62,27.38,30.735
2004-03-29,44.58,37.18,27.69,30.68
2004-03-30,44.69,37.28,27.43,31.735
2004-03-31,44.91,37.61,27.2,31.925
2004-04-01,45.61,37.35,27.38,30.95
2004-04-02,45.94,37.7,28.12,30.895
2004-04-05,46.14,38.08,28.55,30.8
2004-04-06,46.37,38.07,28.27,30.655
2004-04-07,45.98,38.15,27.62,30.38
2004-04-08,45.53,37.9,27.37,30.645
2004-04-09,45.53,37.9,27.37,30.645
2004-04-12,45.75,37.66,27.6,31.38
2004-04-13,44.71,37.16,27.67,31.02
2004-04-14,44.11,37.7,27.37,30.9
2004-04-15,44.09,37.37,26.66,31.34
2004-04-16,44.7,38.08,26.45,32.075
2004-04-19,44.57,38.04,26.68,31.775
2004-04-20,44.12,37.79,26.07,31.195
2004-04-21,44.16,38.31,26.2745,30.91
2004-04-22,44.56,38.29,26.52,31.92
2004-04-23,44.3,38.54,27.53,30.85
2004-04-26,43.77,38.09,27.15,30.99
2004-04-27,43.67,38.04,26.88,31.225
2004-04-28,43.45,37.99,26.35,30.5
2004-04-29,43.13,37.66,26.13,29.44
2004-04-30,42.67,37.5,25.73,29.265
2004-05-03,42.69,37.58,26.04,29.785
2004-05-04,43.01,37.47,26.28,29.59
2004-05-05,43.2,37.41,26.2,29.195
2004-05-06,42.67,36.3,25.98,28.775
2004-05-07,41.5,35.66,26.47,28.025
2004-05-10,40.7,36.42,26.55,27.73
2004-05-11,40.98,36.12,27.77,27.815
2004-05-12,40.92,36.55,27.57,28.35
2004-05-13,40.99,36.07,27.44,28.685
2004-05-14,41.13,35.85,27.04,28.65
2004-05-17,40.15,35.54,26.84,28.665
2004-05-18,40.39,36.39,27.15,28.52
2004-05-19,40.25,36.52,27.11,28.465
2004-05-20,40.3,36.69,27.41,28.46
2004-05-21,40.9,36.54,27.55,28.3
2004-05-24,41.31,36.81,27.74,29.01
2004-05-25,41.83,37.34,28.1,29.47
2004-05-26,42.03,37.44,28.37,29.06
2004-05-27,42.73,38.07,28.45,28.45
2004-05-28,42.61,37.9,28.55,28.585
2004-05-31,42.61,37.9,28.55,28.585
2004-06-01,42.35,38.14,28.33,28.945
2004-06-02,41.97,38.78,28.01,28.57
2004-06-03,41.62,39.25,27.41,28.095
2004-06-04,42.12,39.05,28.14,28.185
2004-06-07,42.89,39.34,28.75,28.96
2004-06-08,43.27,40.05,28.99,28.95
2004-06-09,43.1,40.68,28.4,28.96
2004-06-10,43.35,41.62,28.64,29.2
2004-06-11,43.35,41.62,28.64,29.2
2004-06-14,43.01,40.96,27.99,29.35
2004-06-15,43.6,41.47,28.43,29.96
2004-06-16,43.56,41.56,28.12,31.115
2004-06-17,45.21,41.6,27.63,31.015
2004-06-18,45.25,42.02,27.64,31.01
2004-06-21,45.64,41.82,27.52,30.745
2004-06-22,45.67,42.14,28.04,30.75
2004-06-23,46.6,42.89,28.52,31.625
2004-06-24,46.74,42.51,27.95,31.37
2004-06-25,46.93,41.82,27.78,31.63
2004-06-28,47.0,41.93,27.38,31.195
2004-06-29,46.98,41.0,27.6,31.16
2004-06-30,47.0,41.18,27.6,31.755
2004-07-01,47.81,40.87,27.02,31.715
2004-07-02,47.81,40.68,26.33,31.79
2004-07-05,47.81,40.68,26.33,31.79
2004-07-06,47.66,40.79,26.11,31.55
2004-07-07,47.56,41.38,26.34,31.48
2004-07-08,46.75,40.16,26.22,31.205
2004-07-09,46.5,40.2,26.57,31.4
2004-07-12,46.59,40.82,26.24,31.195
2004-07-13,46.21,41.26,26.14,31.16
2004-07-14,45.9,40.85,23.38,31.785
2004-07-15,45.81,40.98,23.15,32.435
2004-07-16,45.68,40.62,22.73,32.455
2004-07-19,45.68,40.66,22.91,32.5
2004-07-20,45.97,41.02,23.24,32.7
2004-07-21,45.42,41.15,22.56,32.075
2004-07-22,45.34,40.89,23.27,32.13
2004-07-23,44.39,40.67,22.67,31.505
2004-07-26,44.0,40.16,22.97,31.19
2004-07-27,45.46,41.32,23.27,32.0
2004-07-28,46.07,41.21,23.46,32.305
2004-07-29,46.77,41.8,24.241,32.375
2004-07-30,46.61,40.71,24.38,32.16
2004-08-02,46.41,41.1,24.9,32.235
2004-08-03,45.66,40.71,24.17,32.355
2004-08-04,45.66,41.15,23.97,31.685
2004-08-05,44.45,40.59,23.67,31.445
2004-08-06,43.6,39.74,22.77,30.76
2004-08-09,43.32,40.19,22.57,31.165
2004-08-10,44.0,40.87,22.54,30.8
2004-08-11,43.69,40.49,22.16,30.5
2004-08-12,42.95,40.49,21.24,29.975
2004-08-13,43.39,40.73,21.56,30.0
2004-08-16,43.96,40.82,21.42,30.07
2004-08-17,44.34,41.31,21.509,29.455
2004-08-18,44.63,41.66,22.22,30.0
2004-08-19,44.9,42.35,22.01,29.945
2004-08-20,44.75,42.4,21.62,30.59
2004-08-23,44.6,41.82,21.89,30.175
2004-08-24,44.59,42.09,21.67,30.255
2004-08-25,45.18,42.04,21.95,30.59
2004-08-26,45.25,42.42,21.77,31.08
2004-08-27,45.36,42.05,22.02,31.135
2004-08-30,45.23,41.79,21.6,30.59
2004-08-31,45.79,41.17,21.29,30.9
2004-09-01,45.64,40.83,21.43,31.485
2004-09-02,46.45,40.41,21.63,31.56
2004-09-03,46.46,40.6,20.05,32.24
2004-09-06,46.46,40.6,20.05,32.24
2004-09-07,46.97,40.61,19.89,31.995
2004-09-08,46.93,40.12,19.72,32.045
2004-09-09,46.66,39.99,20.17,32.395
2004-09-10,46.93,40.54,20.57,32.155
2004-09-13,47.22,41.15,20.8,32.29
2004-09-14,47.43,41.42,20.77,32.025
2004-09-15,47.27,41.41,20.42,32.155
2004-09-16,48.05,41.57,20.11,32.225
2004-09-17,48.31,41.26,20.59,32.985
2004-09-20,47.61,41.01,20.92,32.595
2004-09-21,48.27,41.41,21.08,33.175
2004-09-22,47.9,40.98,20.42,33.21
2004-09-23,47.81,40.75,20.38,33.24
2004-09-24,47.94,41.35,20.13,33.32
2004-09-27,47.76,41.2,19.92,33.03
2004-09-28,47.59,41.3,19.68,33.83
2004-09-29,47.39,41.79,20.07,33.615
2004-09-30,47.29,41.51,20.06,33.655
2004-10-01,47.84,42.29,20.85,34.125
2004-10-04,49.03,43.3,21.13,33.98
2004-10-05,48.99,43.06,21.32,33.96
2004-10-06,49.1,42.93,21.13,34.63
2004-10-07,48.89,44.65,21.24,34.26
2004-10-08,48.8,44.69,20.55,34.6
2004-10-11,48.83,44.9,20.61,34.0
2004-10-12,48.51,45.33,20.28,33.285
2004-10-13,48.46,45.42,20.99,32.61
2004-10-14,48.87,45.41,20.51,33.175
2004-10-15,48.98,45.6,20.61,33.375
2004-10-18,49.15,46.13,20.79,32.77
2004-10-19,48.82,46.21,20.8,32.55
2004-10-20,49.74,46.46,21.45,33.4
2004-10-21,49.35,46.52,21.69,33.845
2004-10-22,49.17,45.73,21.3,32.895
2004-10-25,50.08,45.986999999999995,21.31,32.65
2004-10-26,50.46,47.19,21.4,32.745
2004-10-27,50.56,48.1,22.0,31.52
2004-10-28,50.66,48.21,22.27,31.025
2004-10-29,50.56,47.94,22.26,31.47
2004-11-01,51.0,48.14,22.44,31.14
2004-11-02,51.64,48.53,22.61,30.605
2004-11-03,52.0,48.54,22.67,31.325
2004-11-04,52.57,49.42,22.88,31.56
2004-11-05,52.5,49.55,23.36,31.83
2004-11-08,51.65,49.18,23.23,31.225
2004-11-09,52.17,49.0,23.08,31.315
2004-11-10,52.6,48.9,22.86,31.955
2004-11-11,53.0,48.69,23.17,32.09
2004-11-12,53.65,49.12,23.69,32.825
2004-11-15,52.62,49.74,23.77,31.865
2004-11-16,52.05,48.63,23.84,32.05
2004-11-17,51.62,48.97,24.32,32.275
2004-11-18,51.51,48.35,24.8,32.64
2004-11-19,50.9,47.48,24.16,33.05
2004-11-22,50.7,48.9,24.1,33.15
2004-11-23,51.97,49.69,23.37,33.05
2004-11-24,53.08,49.59,23.61,33.58
2004-11-25,53.08,49.59,23.61,33.58
2004-11-26,52.87,49.64,23.21,33.54
2004-11-29,53.17,49.43,23.06,33.03
2004-11-30,53.01,48.6,22.38,32.815
2004-12-01,53.85,49.625,23.1,31.815
2004-12-02,54.31,49.19,22.71,31.025
2004-12-03,54.62,47.92,23.91,31.735
2004-12-06,55.07,48.28,24.01,31.68
2004-12-07,54.75,48.06,23.48,31.125
2004-12-08,54.77,48.9,23.01,31.145
2004-12-09,54.57,48.1,22.76,31.65
2004-12-10,54.65,47.52,22.56,31.495
2004-12-13,55.26,47.08,22.63,32.04
2004-12-14,55.4,47.93,23.24,32.54
2004-12-15,54.85,48.36,23.14,33.065
2004-12-16,55.82,47.95,22.87,32.75
2004-12-17,56.48,47.79,22.77,32.785
2004-12-20,56.95,47.75,22.7,33.125
2004-12-21,57.4,47.97,23.49,33.57
2004-12-22,57.92,47.81,23.45,33.19
2004-12-23,57.95,47.5,23.54,33.515
2004-12-24,57.95,47.5,23.54,33.515
2004-12-27,57.74,47.46,23.37,32.93
2004-12-28,58.74,48.1,23.28,33.155
2004-12-29,58.32,48.71,23.25,33.505
2004-12-30,58.13,48.45,23.25,33.475
2004-12-31,57.63,48.41,23.39,33.475
2005-01-03,57.31,47.9,23.07,32.125
2005-01-04,57.05,47.04,22.61,31.88
2005-01-05,56.95,47.22,22.39,31.98
2005-01-06,57.36,47.9,22.46,32.605
2005-01-07,57.5,47.49,22.8,31.765
2005-01-10,56.79,47.58,22.88,31.96
2005-01-11,56.09,47.32,22.54,31.735
2005-01-12,56.13,47.53,23.16,32.015
2005-01-13,56.32,47.74,22.82,32.1
2005-01-14,57.24,48.27,23.02,32.19
2005-01-17,57.24,48.27,23.02,32.19
2005-01-18,57.92,49.14,22.94,32.25
2005-01-19,58.45,48.36,22.6,32.425
2005-01-20,57.82,47.79,22.58,32.26
2005-01-21,56.81,46.51,22.42,32.325
2005-01-24,55.26,46.42,21.99,32.9
2005-01-25,55.13,47.08,22.26,33.24
2005-01-26,56.33,47.36,22.42,33.465
2005-01-27,56.95,47.23,22.31,33.76
2005-01-28,56.72,47.29,22.24,33.525
2005-01-31,57.6,47.27,22.45,34.02
2005-02-01,56.73,46.96,22.6298,34.165
2005-02-02,56.54,47.17,22.58,35.06
2005-02-03,56.03,46.37,22.38,35.19
2005-02-04,56.51,46.18,23.0,35.3
2005-02-07,56.85,46.1,22.91,34.86
2005-02-08,55.9,45.88,23.41,35.235
2005-02-09,55.5,45.51,23.3,35.165
2005-02-10,54.72,45.86,23.5,36.51
2005-02-11,55.55,46.44,24.17,36.72
2005-02-14,55.72,46.51,24.31,36.435
2005-02-15,56.54,47.0,24.47,36.31
2005-02-16,56.35,46.94,24.14,36.945
2005-02-17,56.06,46.1,23.63,36.19
2005-02-18,55.64,45.8,24.02,36.765
2005-02-21,55.64,45.8,24.02,36.765
2005-02-22,53.99,45.4,23.76,36.345
2005-02-23,53.74,45.65,23.31,37.045
2005-02-24,53.94,46.54,23.7,37.45
2005-02-25,54.75,46.57,24.09,37.79
2005-02-28,54.38,46.59,23.99,37.725
2005-03-01,54.4,46.71,24.62,37.24
2005-03-02,54.3,45.02,24.52,37.905
2005-03-03,53.71,44.8,24.5,38.71
2005-03-04,53.78,44.76,24.68,39.0
2005-03-07,54.49,44.54,25.11,38.395
2005-03-08,54.5,46.06,24.8,38.0
2005-03-09,53.45,45.61,24.84,36.87
2005-03-10,53.67,44.75,24.85,36.57
2005-03-11,53.87,44.94,24.2,36.375
2005-03-14,54.07,45.66,24.27,36.48
2005-03-15,54.51,45.32,23.88,35.775
2005-03-16,55.2,44.65,23.54,36.15
2005-03-17,55.4,44.15,23.41,35.79
2005-03-18,54.83,43.7,23.41,35.895
2005-03-21,51.59,43.23,23.5,35.585
2005-03-22,52.55,43.43,23.02,35.76
2005-03-23,51.89,43.72,23.39,34.9
2005-03-24,51.13,43.6,23.18,35.015
2005-03-25,51.13,43.6,23.18,35.015
2005-03-28,51.54,44.45,23.3,35.4
2005-03-29,51.52,44.44,23.15,34.25
2005-03-30,51.9,44.99,23.49,34.675
2005-03-31,51.81,44.18,23.23,35.24
2005-04-01,50.78,43.79,23.01,35.81
2005-04-04,50.22,45.16,22.93,35.75
2005-04-05,51.1,46.36,23.13,35.405
2005-04-06,51.26,46.28,23.05,36.06
2005-04-07,51.27,46.9,23.41,35.51
2005-04-08,50.93,46.18,23.29,34.96
2005-04-11,50.5,46.3,23.12,35.2
2005-04-12,50.7,46.39,23.22,34.775
2005-04-13,50.13,45.76,22.82,34.5
2005-04-14,49.68,45.42,22.49,34.5
2005-04-15,48.65,44.86,22.12,33.46
2005-04-18,49.01,44.3,22.21,33.64
2005-04-19,48.95,43.89,22.63,34.145
2005-04-20,47.91,43.09,22.66,33.8
2005-04-21,49.98,44.02,23.36,35.13
2005-04-22,49.21,40.17,23.24,35.46
2005-04-25,49.17,41.44,23.41,35.85
2005-04-26,47.85,41.59,23.32,35.01
2005-04-27,47.1,41.43,23.51,34.305
2005-04-28,47.9,40.3,23.19,34.205
2005-04-29,48.88,40.63,23.52,34.205
2005-05-02,48.82,41.27,23.55,34.84
2005-05-03,48.89,42.04,23.83,33.79
2005-05-04,50.05,42.86,24.11,34.235
2005-05-05,50.1,42.75,24.26,34.65
2005-05-06,50.04,42.88,24.49,34.55
2005-05-09,49.84,43.34,24.8,35.235
2005-05-10,49.0,42.95,24.67,34.46
2005-05-11,49.41,42.98,24.77,34.45
2005-05-12,49.43,42.47,24.84,32.765
2005-05-13,49.67,42.04,25.12,32.755
2005-05-16,51.06,43.25,25.33,32.575
2005-05-17,52.0,43.8,25.7,32.775
2005-05-18,52.95,44.89,25.93,32.71
2005-05-19,53.03,44.95,26.01,33.5
2005-05-20,52.46,44.96,26.35,32.985
2005-05-23,53.26,44.51,26.5,33.4
2005-05-24,52.66,44.54,26.96,33.44
2005-05-25,52.23,45.42,27.0,33.9
2005-05-26,53.14,45.49,27.37,33.92
2005-05-27,52.84,45.3,27.39,34.355
2005-05-30,52.84,45.3,27.39,34.355
2005-05-31,52.9,45.38,26.96,34.185
2005-06-01,53.11,45.56,27.29,34.67
2005-06-02,53.22,46.62,27.59,34.955
2005-06-03,52.3,46.12,27.33,35.56
2005-06-06,52.25,45.78,27.17,35.43
2005-06-07,52.07,45.83,26.86,35.22
2005-06-08,51.49,45.69,27.1,35.515
2005-06-09,51.63,45.84,27.7,36.58
2005-06-10,51.0,45.81,26.98,36.625
2005-06-13,50.9,45.73,27.0,36.825
2005-06-14,51.45,46.34,26.7,36.875
2005-06-15,52.02,46.19,26.94,37.345
2005-06-16,54.33,45.99,27.12,37.835
2005-06-17,55.54,46.59,27.12,38.225
2005-06-20,55.5,46.36,26.9,38.22
2005-06-21,55.32,45.9,27.18,37.685
2005-06-22,55.13,45.47,27.11,38.23
2005-06-23,54.16,44.81,26.77,38.145
2005-06-24,55.12,44.92,26.1,38.23
2005-06-27,54.63,44.71,25.86,39.09
2005-06-28,55.12,45.39,26.33,38.275
2005-06-29,55.03,45.19,26.25,38.365
2005-06-30,54.55,44.73,26.02,37.97
2005-07-01,54.72,44.93,26.21,38.305
2005-07-04,54.72,44.93,26.21,38.305
2005-07-05,55.28,45.32,26.68,39.41
2005-07-06,54.14,45.36,26.5,38.855
2005-07-07,54.66,45.09,26.56,39.08
2005-07-08,54.74,45.55,27.28,38.735
2005-07-11,54.95,45.64,27.7,39.285
2005-07-12,54.86,46.18,27.75,39.455
2005-07-13,54.51,45.79,27.59,39.295
2005-07-14,54.35,45.96,27.88,38.15
2005-07-15,54.38,46.45,28.3,37.905
2005-07-18,53.99,46.4,28.23,37.91
2005-07-19,54.27,46.35,28.71,39.09
2005-07-20,54.38,46.09,27.44,39.225
2005-07-21,54.35,45.47,27.03,38.98
2005-07-22,53.82,45.95,26.75,41.14
2005-07-25,53.45,45.92,26.5199,42.44
2005-07-26,53.45,46.0,26.89,42.565
2005-07-27,53.31,46.1,27.06,42.485
2005-07-28,53.42,46.53,27.34,42.35
2005-07-29,52.4,45.97,27.14,41.87
2005-08-01,51.76,45.65,27.111,42.36
2005-08-02,51.95,45.38,27.56,43.36
2005-08-03,51.64,44.45,27.64,43.375
2005-08-04,51.55,44.25,27.01,43.18
2005-08-05,51.76,43.67,26.77,42.89
2005-08-08,52.2,43.3,26.71,43.115
2005-08-09,52.47,43.2,26.9,42.91
2005-08-10,51.79,42.47,26.88,43.51
2005-08-11,51.15,42.79,26.82,43.615
2005-08-12,50.46,42.82,26.31,43.01
2005-08-15,50.23,42.99,26.53,42.585
2005-08-16,49.31,42.73,26.0,41.775
2005-08-17,49.79,43.66,26.09,40.87
2005-08-18,50.93,43.98,25.88,40.805
2005-08-19,50.93,44.26,25.65,41.26
2005-08-22,51.13,44.23,26.06,40.94
2005-08-23,51.33,43.65,25.72,41.075
2005-08-24,50.33,43.33,25.53,41.34
2005-08-25,50.29,43.41,25.46,41.15
2005-08-26,49.74,43.12,25.41,41.04
2005-08-29,50.1,43.41,25.73,41.52
2005-08-30,49.09,43.04,25.57,41.92
2005-08-31,49.34,43.4,25.72,43.115
2005-09-01,48.52,43.18,25.26,43.43
2005-09-02,48.24,43.16,25.28,41.915
2005-09-05,48.24,43.16,25.28,41.915
2005-09-06,49.35,43.2,25.7,42.555
2005-09-07,49.87,43.31,25.66,42.13
2005-09-08,49.42,43.04,26.09,41.65
2005-09-09,49.7,43.04,25.25,42.6
2005-09-12,51.0,43.92,24.99,41.6
2005-09-13,50.22,43.53,24.9,41.11
2005-09-14,49.7,43.16,24.49,41.425
2005-09-15,49.66,42.94,24.55,41.485
2005-09-16,49.03,43.19,24.81,41.58
2005-09-19,50.78,42.25,24.68,42.685
2005-09-20,49.75,41.36,24.48,42.285
2005-09-21,48.8,41.48,24.5,42.24
2005-09-22,49.01,43.05,24.56,42.215
2005-09-23,49.63,42.82,24.38,41.475
2005-09-26,50.45,42.77,24.22,41.965
2005-09-27,49.59,43.14,23.83,42.145
2005-09-28,49.1,42.42,23.95,42.4
2005-09-29,49.07,42.61,24.48,42.62
2005-09-30,49.98,43.09,24.65,42.19
2005-10-03,49.49,42.84,24.6,41.715
2005-10-04,49.56,42.97,24.5,40.46
2005-10-05,48.5,42.91,24.07,39.24
2005-10-06,48.28,44.92,23.76,39.275
2005-10-07,48.07,45.64,23.82,39.935
2005-10-10,47.47,45.64,23.42,40.0
2005-10-11,47.5,45.52,23.42,40.445
2005-10-12,46.75,45.25,23.24,40.265
2005-10-13,46.64,45.37,23.2,39.645
2005-10-14,47.54,46.46,23.23,41.405
2005-10-17,47.11,46.61,23.46,41.145
2005-10-18,46.55,46.31,23.72,39.795
2005-10-19,47.81,47.77,23.69,41.01
2005-10-20,47.44,47.64,23.62,40.29
2005-10-21,47.75,47.76,23.15,40.005
2005-10-24,49.35,48.2,23.1,41.07
2005-10-25,49.98,47.92,23.11,42.835
2005-10-26,49.44,47.1,23.07,43.575
2005-10-27,48.36,46.35,22.84,43.095
2005-10-28,48.72,47.34,23.33,44.69
2005-10-31,49.67,48.37,23.5,45.385
2005-11-01,50.52,48.13,22.65,45.45
2005-11-02,51.87,48.51,23.37,46.87
2005-11-03,51.94,48.67,23.89,47.325
2005-11-04,52.12,49.12,23.99,46.1
2005-11-07,52.39,49.61,24.5,46.42
2005-11-08,52.33,48.94,24.55,46.55
2005-11-09,52.66,48.65,24.8,46.505
2005-11-10,53.59,50.06,25.24,45.5
2005-11-11,54.05,50.14,25.13,46.02
2005-11-14,53.3,49.8,25.37,46.89
2005-11-15,53.52,49.25,25.08,46.5
2005-11-16,52.37,49.2,24.87,47.43
2005-11-17,53.3,49.82,25.11,47.565
2005-11-18,53.28,49.81,25.3,47.525
2005-11-21,53.22,49.4,25.25,48.11
2005-11-22,53.82,49.25,26.16,48.815
2005-11-23,54.63,50.56,26.64,48.625
2005-11-24,54.63,50.56,26.64,48.625
2005-11-25,54.16,50.58,26.81,48.515
2005-11-28,54.78,50.25,26.86,46.905
2005-11-29,54.83,50.75,26.78,47.225
2005-11-30,54.49,49.95,26.68,47.865
2005-12-01,55.46,48.79,27.18,48.975
2005-12-02,56.0,49.34,27.43,49.495
2005-12-05,55.11,49.59,26.9,49.12
2005-12-06,54.83,49.08,26.67,49.115
2005-12-07,54.65,49.35,26.15,48.72
2005-12-08,54.36,48.29,25.7,50.325
2005-12-09,54.57,48.55,26.08,49.915
2005-12-12,55.04,48.6799,26.62,50.255
2005-12-13,55.92,48.62,26.72,50.05
2005-12-14,55.41,49.22,26.63,51.44
2005-12-15,54.84,49.51,26.58,50.57
2005-12-16,52.65,48.75,26.38,49.96
2005-12-19,53.04,48.66,25.78,48.975
2005-12-20,53.98,49.22,25.81,49.58
2005-12-21,53.71,49.81,25.88,49.975
2005-12-22,53.87,49.84,25.97,49.765
2005-12-23,53.91,49.98,25.97,50.075
2005-12-26,53.91,49.98,25.97,50.075
2005-12-27,53.05,49.77,25.46,48.55
2005-12-28,53.38,50.11,25.44,49.16
2005-12-29,53.52,49.97,25.07,48.45
2005-12-30,53.47,49.47,24.96,48.575
2006-01-02,53.47,49.47,24.96,48.575
2006-01-03,54.57,49.92,25.57,51.68
2006-01-04,54.36,50.08,25.9099,52.37
2006-01-05,53.79,49.78,26.27,52.1
2006-01-06,53.98,49.85,26.31,53.74
2006-01-09,54.56,50.05,26.47,53.0
2006-01-10,53.73,50.0,26.1199,53.58
2006-01-11,53.89,50.69,26.14,53.625
2006-01-12,54.4,50.73,25.97,52.705
2006-01-13,55.9,51.0,25.79,53.64
2006-01-16,55.9,51.0,25.79,53.64
2006-01-17,55.12,50.6,25.52,54.25
2006-01-18,53.69,50.74,22.599,54.555
2006-01-19,54.34,50.59,22.4,57.435
2006-01-20,53.55,49.6901,21.7599,61.125
2006-01-23,53.64,49.13,21.35,63.0
2006-01-24,52.71,49.55,21.28,61.795
2006-01-25,52.94,49.94,21.21,60.35
2006-01-26,52.63,50.09,21.49,62.17
2006-01-27,52.4,50.05,21.67,63.685
2006-01-30,51.81,49.68,21.65,65.325
2006-01-31,51.76,49.89,21.255,63.725
2006-02-01,52.25,49.5,21.55,61.6049
2006-02-02,52.75,50.21,21.2001,61.06
2006-02-03,52.11,49.45,20.74,61.205
2006-02-06,51.71,49.27,20.61,62.36
2006-02-07,51.5,48.72,20.67,58.75
2006-02-08,52.0,49.07,20.67,59.61
2006-02-09,52.24,48.97,21.0,58.06
2006-02-10,52.2,49.74,21.29,59.65
2006-02-13,51.7,50.11,21.13,58.95
2006-02-14,52.17,51.18,21.37,57.435
2006-02-15,53.3,51.57,21.35,56.325
2006-02-16,53.95,51.74,21.35,57.015
2006-02-17,53.55,50.98,20.61,57.24
2006-02-20,53.55,50.98,20.61,57.24
2006-02-21,51.83,50.7,20.62,59.255
2006-02-22,52.21,51.51,20.148,58.5099
2006-02-23,51.55,51.11,20.29,58.45
2006-02-24,51.83,50.69,20.36,59.195
2006-02-27,52.55,51.61,20.52,57.69
2006-02-28,51.65,51.19,20.6,57.5
2006-03-01,52.12,52.19,20.8,59.03
2006-03-02,51.8,52.8,20.49,60.71
2006-03-03,51.78,53.52,20.32,61.11
2006-03-06,50.79,53.76,20.3,58.67
2006-03-07,49.89,53.62,20.06,57.425
2006-03-08,49.71,53.77,20.01,58.0249
2006-03-09,49.83,53.07,19.75,57.375
2006-03-10,49.55,53.97,19.85,58.435
2006-03-13,50.15,54.23,19.73,58.535
2006-03-14,50.83,55.27,19.76,60.225
2006-03-15,50.97,55.0,19.92,60.27
2006-03-16,50.03,55.0,19.65,61.8999
2006-03-17,50.97,55.88,19.54,61.625
2006-03-20,50.25,56.0,19.62,60.31
2006-03-21,49.54,55.4,19.78,60.355
2006-03-22,50.03,55.16,19.98,60.05
2006-03-23,47.49,54.99,19.7,61.5099
2006-03-24,47.84,54.64,19.6,61.09
2006-03-27,48.13,54.77,19.75,61.475
2006-03-28,47.79,54.27,19.58,62.2899
2006-03-29,47.08,54.68,19.82,63.3999
2006-03-30,47.11,54.22,19.7,64.115
2006-03-31,47.37,54.16,19.46,63.285
2006-04-03,47.55,54.32,19.35,63.6499
2006-04-04,47.18,54.7,19.3,65.3
2006-04-05,46.93,55.14,19.48,66.5
2006-04-06,47.88,56.59,19.38,66.3
2006-04-07,47.82,55.7,19.24,64.5249
2006-04-10,47.95,54.43,19.36,64.66
2006-04-11,46.74,54.24,19.16,62.7
2006-04-12,47.22,54.47,19.12,61.71
2006-04-13,47.66,54.09,19.45,62.05
2006-04-14,47.66,54.09,19.45,62.05
2006-04-17,47.3,53.89,19.19,62.6
2006-04-18,48.05,55.3,19.39,64.48
2006-04-19,47.63,54.79,19.56,67.75
2006-04-20,47.6,54.85,19.45,68.07
2006-04-21,47.63,53.97,19.06,68.51
2006-04-24,47.5,54.48,18.91,68.67
2006-04-25,47.07,54.54,19.15,68.75
2006-04-26,46.97,54.52,19.49,68.57
2006-04-27,47.0,54.36,20.08,67.75
2006-04-28,46.82,54.43,19.98,69.14
2006-05-01,46.98,54.12,19.49,71.15
2006-05-02,47.38,53.98,19.59,73.37
2006-05-03,47.31,53.96,19.16,72.65
2006-05-04,48.13,55.53,19.34,71.56
2006-05-05,48.27,56.7,19.51,71.46
2006-05-08,48.69,56.85,20.11,70.98
2006-05-09,48.46,56.61,19.9,71.78
2006-05-10,48.13,56.8,19.58,73.06
2006-05-11,47.55,56.06,19.36,71.51
2006-05-12,46.66,55.23,19.04,68.85
2006-05-15,46.54,55.55,19.32,67.0
2006-05-16,42.6,55.24,19.06,66.98
2006-05-17,41.03,54.01,18.66,65.93
2006-05-18,40.54,53.47,18.65,64.4
2006-05-19,40.71,54.2,18.36,64.6
2006-05-22,41.08,54.11,18.01,63.48
2006-05-23,40.27,53.64,17.95,63.87
2006-05-24,40.47,53.81,17.89,63.21
2006-05-25,40.11,54.4,18.05,65.26
2006-05-26,40.1,54.43,18.22,65.27
2006-05-29,40.1,54.43,18.22,65.27
2006-05-30,39.85,53.56,17.81,64.12
2006-05-31,39.91,52.93,18.02,65.57
2006-06-01,40.11,54.23,18.04,65.2
2006-06-02,40.14,53.45,18.23,66.18
2006-06-05,39.32,52.57,17.98,63.27
2006-06-06,38.5,52.51,17.79,63.96
2006-06-07,38.45,52.29,17.39,60.51
2006-06-08,37.4,53.45,17.11,60.22
2006-06-09,37.27,53.04,17.16,59.22
2006-06-12,36.41,52.31,16.86,56.58
2006-06-13,37.01,52.63,17.12,54.57
2006-06-14,37.6,52.98,17.73,56.31
2006-06-15,38.17,53.87,18.12,59.03
2006-06-16,40.19,53.75,18.3,58.25
2006-06-19,41.45,53.55,18.24,55.91
2006-06-20,40.64,54.88,18.15,54.51
2006-06-21,41.5,55.76,18.4,55.9
2006-06-22,40.95,55.27,18.25,57.21
2006-06-23,40.79,55.5,18.0,58.9
2006-06-26,41.07,56.3,18.28,59.82
2006-06-27,40.91,55.65,18.05,59.65
2006-06-28,40.7,56.06,18.66,60.68
2006-06-29,41.07,57.155,19.3199,64.12
2006-06-30,41.74,57.13,19.0,65.11
2006-07-03,42.07,57.58,19.36,65.35
2006-07-04,42.07,57.58,19.36,65.35
2006-07-05,41.7,56.85,18.75,64.87
2006-07-06,41.93,55.85,18.85,64.0
2006-07-07,41.71,56.16,18.56,62.75
2006-07-10,41.86,56.31,18.18,63.5
2006-07-11,41.67,56.73,18.67,66.82
2006-07-12,40.45,55.88,17.88,67.04
2006-07-13,39.64,55.05,17.72,66.23
2006-07-14,39.72,53.52,17.88,68.07
2006-07-17,39.24,53.96,17.84,63.78
2006-07-18,39.09,52.88,18.21,62.65
2006-07-19,40.49,53.79,18.49,64.24
2006-07-20,39.75,53.35,17.104,61.66
2006-07-21,39.57,52.56,17.15,61.45
2006-07-24,39.81,53.36,17.48,64.47
2006-07-25,40.76,54.0,17.54,65.81
2006-07-26,40.01,53.33,17.5,66.78
2006-07-27,39.62,51.45,17.47,66.7
2006-07-28,39.7,51.87,18.18,65.25
2006-07-31,38.96,52.76,18.0,66.85
2006-08-01,38.1,52.25,17.66,66.82
2006-08-02,38.52,52.44,17.59,67.29
2006-08-03,38.31,51.0,17.33,67.23
2006-08-04,38.5,51.78,17.49,65.15
2006-08-07,37.96,51.47,17.32,66.24
2006-08-08,37.79,51.66,17.36,65.07
2006-08-09,37.6,50.2,17.4,64.63
2006-08-10,37.91,51.26,17.75,64.32
2006-08-11,37.59,50.75,17.41,63.96
2006-08-14,36.74,51.65,17.87,62.68
2006-08-15,37.18,51.82,18.13,63.56
2006-08-16,38.26,51.95,18.61,63.43
2006-08-17,39.78,51.85,18.56,62.31
2006-08-18,39.88,52.55,18.4,64.0
2006-08-21,39.7,51.43,18.25,65.05
2006-08-22,39.48,51.59,18.34,65.73
2006-08-23,39.22,50.5,18.38,64.29
2006-08-24,38.95,49.61,18.56,63.85
2006-08-25,39.02,48.59,18.9,64.45
2006-08-28,39.73,49.16,19.38,62.7
2006-08-29,40.6,49.25,19.68,63.43
2006-08-30,40.59,47.18,19.84,62.07
2006-08-31,41.9,46.79,19.57,61.3
2006-09-01,42.03,47.35,19.88,61.84
2006-09-04,42.03,47.35,19.88,61.84
2006-09-05,41.78,48.21,19.99,62.3
2006-09-06,42.03,47.7,19.31,58.91
2006-09-07,42.1,47.19,19.22,58.5
2006-09-08,42.69,48.07,19.45,57.95
2006-09-11,43.02,48.63,19.4,55.3
2006-09-12,44.76,49.58,19.75,54.73
2006-09-13,43.85,49.54,19.83,56.54
2006-09-14,43.58,49.91,19.78,55.1
2006-09-15,43.81,49.82,19.51,56.28
2006-09-18,42.76,49.54,19.65,58.84
2006-09-19,42.82,50.86,19.42,57.78
2006-09-20,43.58,51.87,19.49,56.09
2006-09-21,44.75,50.26,19.19,57.5
2006-09-22,44.7,49.89,19.07,57.1
2006-09-25,46.07,51.25,19.41,57.04
2006-09-26,46.33,51.62,19.96,58.15
2006-09-27,46.36,50.62,20.39,60.55
2006-09-28,46.93,50.07,20.77,60.74
2006-09-29,47.03,49.68,20.57,62.03
2006-10-02,47.14,48.75,20.44,60.91
2006-10-03,48.03,49.26,20.57,58.34
2006-10-04,48.74,50.32,20.82,59.1
2006-10-05,48.27,50.36,20.78,59.9
2006-10-06,48.37,49.48,20.63,59.6
2006-10-09,48.3,49.81,20.62,58.37
2006-10-10,47.95,49.76,20.89,59.25
2006-10-11,47.03,50.07,20.89,57.46
2006-10-12,47.44,53.9,21.49,57.83
2006-10-13,47.95,53.2,21.6,58.79
2006-10-16,47.77,52.98,21.61,60.68
2006-10-17,47.54,52.47,20.9,61.22
2006-10-18,48.14,52.14,21.11,60.16
2006-10-19,48.01,51.66,21.03,62.7
2006-10-20,48.08,51.69,21.33,60.1
2006-10-23,48.4,52.69,21.45,60.83
2006-10-24,48.13,52.49,21.62,62.35
2006-10-25,48.43,52.57,21.72,63.89
2006-10-26,49.46,53.49,21.77,64.11
2006-10-27,48.81,53.01,21.1,62.81
2006-10-30,49.29,53.1,21.26,61.61
2006-10-31,48.82,53.38,21.34,63.08
2006-11-01,48.96,52.91,21.02,62.57
2006-11-02,48.19,53.0,20.68,61.95
2006-11-03,47.37,51.82,20.51,63.5
2006-11-06,48.14,52.41,20.8175,64.35
2006-11-07,48.36,52.58,20.8,64.01
2006-11-08,48.89,52.47,20.71,65.28
2006-11-09,48.17,51.74,20.42,64.97
2006-11-10,48.28,52.9,20.58,63.3
2006-11-13,48.73,52.13,21.0,63.2
2006-11-14,49.16,52.43,21.88,64.28
2006-11-15,49.69,53.01,22.323,65.45
2006-11-16,49.9,53.42,22.33,62.65
2006-11-17,49.86,53.4,22.1,63.32
2006-11-20,49.91,53.79,22.27,63.25
2006-11-21,50.37,53.72,21.57,65.61
2006-11-22,50.58,53.76,21.73,65.18
2006-11-23,50.58,53.76,21.73,65.18
2006-11-24,50.51,53.51,21.59,65.36
2006-11-27,49.67,53.39,21.02,64.63
2006-11-28,48.88,52.9,20.98,65.67
2006-11-29,48.67,53.3,21.24,68.03
2006-11-30,48.99,52.3,21.395,68.48
2006-12-01,47.09,52.2,20.93,68.34
2006-12-04,47.55,53.39,21.22,68.92
2006-12-05,47.69,54.4,21.12,67.31
2006-12-06,48.02,54.43,20.9,67.11
2006-12-07,47.38,53.68,20.65,66.73
2006-12-08,47.29,53.69,20.68,66.52
2006-12-11,47.55,54.06,20.7,65.9
2006-12-12,47.45,53.24,20.73,66.03
2006-12-13,47.74,53.14,20.7,67.37
2006-12-14,47.8,54.11,20.77,68.72
2006-12-15,47.69,53.73,20.96,67.55
2006-12-18,48.07,53.81,20.84,65.07
2006-12-19,48.09,53.28,20.66,65.77
2006-12-20,48.05,52.93,20.6,64.85
2006-12-21,49.06,52.33,20.37,63.87
2006-12-22,48.87,52.2,20.08,62.89
2006-12-25,48.87,52.2,20.08,62.89
2006-12-26,48.8,52.69,20.15,62.31
2006-12-27,49.92,53.4,20.4,63.89
2006-12-28,49.66,53.1,20.42,63.63
2006-12-29,49.05,52.87,20.25,63.16
2007-01-01,49.05,52.87,20.25,63.16
2007-01-02,49.05,52.87,20.25,63.16
2007-01-03,50.95,52.84,20.35,60.82
2007-01-04,50.87,54.07,21.17,59.3
2007-01-05,49.88,53.41,21.1,59.2
2007-01-08,49.86,53.63,21.01,58.67
2007-01-09,50.43,54.03,21.03,58.19
2007-01-10,50.25,54.41,21.52,57.03
2007-01-11,50.8,55.32,21.92,56.52
2007-01-12,50.91,55.95,22.13,57.89
2007-01-15,50.91,55.95,22.13,57.89
2007-01-16,50.95,56.24,22.3,57.79
2007-01-17,51.33,56.68,21.04,58.48
2007-01-18,51.95,56.9,20.65,57.9
2007-01-19,52.39,56.77,20.82,61.0
2007-01-22,52.18,56.34,20.79,61.0
2007-01-23,51.99,56.44,20.55,63.62
2007-01-24,52.26,57.06,20.84,64.01
2007-01-25,51.68,55.73,20.6,62.62
2007-01-26,51.96,55.36,20.53,62.65
2007-01-29,51.99,55.27,20.89,62.02
2007-01-30,52.15,55.3,20.93,63.46
2007-01-31,51.56,56.16,20.96,63.49
2007-02-01,52.15,56.39,21.11,64.39
2007-02-02,51.77,56.01,21.23,65.12
2007-02-05,50.78,56.21,21.28,65.12
2007-02-06,49.27,56.57,21.31,64.87
2007-02-07,49.89,57.13,21.51,64.45
2007-02-08,49.57,56.62,21.36,64.95
2007-02-09,48.45,55.98,21.03,64.46
2007-02-12,48.66,55.8,20.8,63.6
2007-02-13,48.76,56.46,20.9,64.6
2007-02-14,48.93,57.05,21.14,64.66
2007-02-15,48.66,57.9,21.31,63.79
2007-02-16,48.36,57.8,21.23,63.33
2007-02-19,48.36,57.8,21.23,63.33
2007-02-20,48.9,58.28,21.18,62.34
2007-02-21,48.66,58.18,20.88,63.55
2007-02-22,48.63,58.09,20.97,64.97
2007-02-23,47.61,57.47,20.76,64.58
2007-02-26,47.35,57.4,20.85,65.2
2007-02-27,46.23,55.4,20.03,62.8
2007-02-28,46.44,55.89,19.86,62.8
2007-03-01,46.09,56.0,19.59,63.42
2007-03-02,45.7,55.75,19.22,62.25
2007-03-05,44.99,55.25,19.1099,61.67
2007-03-06,45.97,55.72,19.4,63.28
2007-03-07,45.46,56.12,19.12,65.06
2007-03-08,46.25,54.26,19.23,65.68
2007-03-09,46.26,54.34,19.1,65.1
2007-03-12,46.4,53.65,19.48,65.0
2007-03-13,45.29,52.96,19.12,64.11
2007-03-14,45.14,52.53,19.23,64.93
2007-03-15,45.61,53.19,19.14,64.4
2007-03-16,45.55,52.98,19.15,64.48
2007-03-19,45.92,53.24,19.11,66.24
2007-03-20,45.93,53.18,18.99,65.8
2007-03-21,47.6,54.34,19.34,67.92
2007-03-22,47.84,54.24,19.16,68.99
2007-03-23,48.12,54.56,19.27,69.1
2007-03-26,48.06,54.52,19.29,69.58
2007-03-27,47.38,54.13,19.06,69.86
2007-03-28,46.43,53.71,18.86,69.32
2007-03-29,46.89,53.7,19.09,70.67
2007-03-30,46.86,53.84,19.13,69.1
2007-04-02,47.19,53.91,19.13,70.82
2007-04-03,47.42,54.55,19.31,70.95
2007-04-04,47.0,54.45,19.38,71.39
2007-04-05,46.75,54.88,19.58,71.84
2007-04-06,46.75,54.88,19.58,71.84
2007-04-09,46.49,54.82,20.1,71.57
2007-04-10,46.04,54.67,20.68,73.13
2007-04-11,45.11,54.03,20.47,72.99
2007-04-12,45.34,54.68,20.5,75.31
2007-04-13,45.25,54.16,20.46,76.0
2007-04-16,46.78,54.4,20.69,77.57
2007-04-17,46.7,55.6,20.98,77.5
2007-04-18,46.41,55.02,21.35,74.91
2007-04-19,46.55,55.32,21.81,74.32
2007-04-20,47.2,55.12,22.16,75.23
2007-04-23,47.42,54.88,21.91,74.55
2007-04-24,47.72,54.25,21.94,74.8
2007-04-25,48.55,54.27,22.258000000000003,75.87
2007-04-26,48.47,54.04,22.09,75.54
2007-04-27,48.68,54.46,21.87,75.64
2007-04-30,48.89,53.57,21.5,73.83
2007-05-01,48.5,53.46,21.8,73.83
2007-05-02,48.9,53.35,21.93,73.96
2007-05-03,48.15,53.14,21.74,74.77
2007-05-04,47.95,53.79,21.9,74.61
2007-05-07,47.72,54.08,21.96,75.0
2007-05-08,47.3,54.61,22.15,74.63
2007-05-09,48.19,54.94,22.47,74.35
2007-05-10,48.13,54.95,22.21,72.92
2007-05-11,48.79,54.97,22.28,74.38
2007-05-14,48.2,54.7,22.12,74.74
2007-05-15,47.9,54.21,22.01,75.51
2007-05-16,47.89,54.81,22.18,76.5
2007-05-17,47.46,55.58,22.23,78.71
2007-05-18,49.18,56.41,22.7,79.4
2007-05-21,49.42,55.77,22.63,80.14
2007-05-22,49.88,55.95,22.99,79.11
2007-05-23,49.73,56.02,22.67,80.6
2007-05-24,49.57,56.3,21.97,78.85
2007-05-25,49.95,56.4,22.16,79.24
2007-05-28,49.95,56.4,22.16,79.24
2007-05-29,50.38,56.57,22.3,77.88
2007-05-30,50.42,56.53,22.08,79.91
2007-05-31,50.44,56.47,22.1799,77.87
2007-06-01,50.54,56.29,22.36,78.19
2007-06-04,50.73,56.12,22.16,80.06
2007-06-05,51.26,55.45,21.96,79.2
2007-06-06,50.18,55.82,21.49,79.78
2007-06-07,48.93,55.26,21.31,77.78
2007-06-08,49.0,56.01,21.83,78.76
2007-06-11,48.92,55.7,21.93,80.18
2007-06-12,49.7,55.16,22.2,78.74
2007-06-13,49.88,55.97,22.671999999999997,81.96
2007-06-14,49.78,55.76,23.23,84.23
2007-06-15,49.71,56.09,24.24,84.6
2007-06-18,49.66,56.0,24.17,85.45
2007-06-19,49.71,56.33,24.1,85.77
2007-06-20,49.39,56.35,23.94,84.76
2007-06-21,48.33,57.19,24.29,85.76
2007-06-22,49.32,57.17,23.7,89.2
2007-06-25,48.49,57.2,23.48,87.16
2007-06-26,48.75,57.33,23.38,86.29
2007-06-27,48.5,58.38,23.79,86.97
2007-06-28,48.54,58.22,23.92,85.55
2007-06-29,48.77,58.52,23.7399,84.94
2007-07-02,47.98,60.25,24.27,86.74
2007-07-03,47.67,60.08,24.59,87.89
2007-07-04,47.67,60.08,24.59,87.89
2007-07-05,48.06,60.12,24.6,87.98
2007-07-06,48.15,61.44,24.68,88.33
2007-07-09,47.44,61.36,24.9599,88.34
2007-07-10,46.82,60.51,24.97,87.27
2007-07-11,46.59,60.72,24.57,87.0
2007-07-12,46.86,61.7399,26.0,88.51
2007-07-13,47.73,62.98,25.97,89.64
2007-07-16,47.71,61.85,25.95,90.54
2007-07-17,47.64,62.13,26.3299,89.87
2007-07-18,47.54,62.42,25.06,91.2
2007-07-19,47.41,62.18,25.26,93.45
2007-07-20,46.86,61.25,24.55,96.68
2007-07-23,46.9,60.9,24.72,96.32
2007-07-24,45.77,60.15,24.529,94.8
2007-07-25,45.67,60.3,24.5,96.91
2007-07-26,45.05,59.05,24.0,94.64
2007-07-27,44.32,58.57,23.54,93.02
2007-07-30,44.77,59.48,23.85,95.35
2007-07-31,44.31,59.8,23.62,94.72
2007-08-01,44.8,60.12,23.8,94.62
2007-08-02,44.9,60.84,24.3,92.0
2007-08-03,43.61,60.49,23.9101,87.74
2007-08-06,44.44,62.93,24.13,87.25
2007-08-07,45.58,64.39,24.1299,88.76
2007-08-08,46.81,64.95,24.68,93.72
2007-08-09,47.4,63.24,23.92,92.2
2007-08-10,47.67,63.25,23.98,92.1
2007-08-13,46.53,61.78,24.02,90.68
2007-08-14,44.43,60.8,23.8,89.17
2007-08-15,43.11,58.49,23.22,87.24
2007-08-16,43.49,59.23,23.1,85.84
2007-08-17,45.1,58.37,23.7,88.56
2007-08-20,44.53,57.93,24.11,90.7
2007-08-21,44.55,60.28,23.89,89.25
2007-08-22,45.12,61.26,24.15,91.04
2007-08-23,45.14,60.85,24.23,92.42
2007-08-24,45.85,61.68,24.79,94.23
2007-08-27,45.7,61.03,24.45,93.14
2007-08-28,44.47,59.0,23.96,91.31
2007-08-29,45.08,61.31,25.09,95.72
2007-08-30,45.0,61.02,25.28,95.0
2007-08-31,45.59,61.75,25.75,96.5
2007-09-03,45.59,61.75,25.75,96.5
2007-09-04,46.28,61.61,26.18,100.14
2007-09-05,46.05,59.0,25.99,99.11
2007-09-06,46.16,58.29,26.15,97.61
2007-09-07,44.72,57.0,25.47,97.47
2007-09-10,44.2,57.24,25.35,99.03
2007-09-11,44.98,58.59,25.66,100.18
2007-09-12,44.59,58.48,25.46,99.82
2007-09-13,44.95,59.95,25.35,100.55
2007-09-14,44.54,59.96,24.93,100.37
2007-09-17,44.38,59.51,24.85,99.63
2007-09-18,46.7,61.82,25.41,104.79
2007-09-19,47.3,61.92,25.68,106.97
2007-09-20,48.53,61.15,25.81,107.27
2007-09-21,49.21,60.72,25.87,106.2
2007-09-24,49.19,60.25,25.98,104.92
2007-09-25,48.64,59.38,25.8901,104.62
2007-09-26,48.87,60.69,25.91,103.0
2007-09-27,49.09,61.12,25.76,105.03
2007-09-28,48.43,61.37,25.86,105.0
2007-10-01,49.44,61.81,26.371,106.59
2007-10-02,50.01,61.62,26.38,106.47
2007-10-03,49.96,61.92,25.81,105.76
2007-10-04,50.0,62.09,25.6,106.19
2007-10-05,50.8,63.27,25.54,104.93
2007-10-08,50.75,63.71,25.66,103.95
2007-10-09,51.33,63.3101,25.8399,104.63
2007-10-10,51.04,69.13,25.88,108.26
2007-10-11,50.25,69.24,25.43,108.58
2007-10-12,50.23,68.0,25.55,109.84
2007-10-15,49.32,66.57,25.75,111.39
2007-10-16,48.45,65.95,25.48,112.09
2007-10-17,48.73,66.52,26.72,111.03
2007-10-18,48.24,66.53,26.97,111.62
2007-10-19,47.25,65.7,26.3,99.32
2007-10-22,48.52,67.05,26.64,95.34
2007-10-23,48.62,66.19,26.8,99.92
2007-10-24,47.9,65.24,26.01,100.86
2007-10-25,47.43,64.82,25.89,98.1
2007-10-26,47.67,65.53,25.94,99.51
2007-10-29,47.93,67.0,26.26,99.79
2007-10-30,47.71,67.15,26.27,95.99
2007-10-31,47.98,67.26,26.9,96.57
2007-11-01,46.8,64.86,26.5,96.15
2007-11-02,46.1,65.58,26.8,98.82
2007-11-05,45.66,65.92,26.84,97.68
2007-11-06,45.55,67.29,27.49,98.15
2007-11-07,44.63,66.15,26.9,94.76
2007-11-08,44.79,66.58,25.933000000000003,96.33
2007-11-09,43.89,65.29,25.15,94.76
2007-11-12,44.23,65.73,25.29,91.04
2007-11-13,45.31,67.41,26.14,92.94
2007-11-14,44.9,66.06,25.85,93.29
2007-11-15,44.7,66.34,25.53,90.84
2007-11-16,44.91,66.8,25.51,93.46
2007-11-19,43.9,66.46,25.17,91.52
2007-11-20,43.51,66.33,25.52,93.26
2007-11-21,42.34,66.07,24.63,91.78
2007-11-22,42.34,66.07,24.63,91.78
2007-11-23,42.73,66.97,25.07,94.11
2007-11-26,42.23,65.38,24.3701,90.56
2007-11-27,43.72,65.95,25.11,89.17
2007-11-28,44.8,66.98,26.19,90.63
2007-11-29,44.61,67.09,26.34,92.16
2007-11-30,45.12,67.4,26.08,93.45
2007-12-03,44.95,66.94,26.25,93.84
2007-12-04,44.29,69.17,26.31,93.84
2007-12-05,44.09,69.65,27.22,95.8
2007-12-06,45.26,70.83,27.98,98.89
2007-12-07,45.0,71.83,27.73,97.19
2007-12-10,45.54,71.25,27.78,98.45
2007-12-11,44.13,69.96,26.93,95.5
2007-12-12,44.62,70.19,27.28,97.65
2007-12-13,44.79,68.54,27.16,96.62
2007-12-14,45.02,68.49,26.29,94.57
2007-12-17,44.05,68.17,25.72,90.28
2007-12-18,44.5,68.45,25.91,90.39
2007-12-19,44.25,68.4,26.19,91.11
2007-12-20,44.01,68.89,26.41,90.78
2007-12-21,45.33,70.08,26.96,94.64
2007-12-24,45.8,70.76,27.31,95.83
2007-12-25,45.8,70.76,27.31,95.83
2007-12-26,45.41,70.59,27.45,98.55
2007-12-27,44.49,69.86,26.83,97.35
2007-12-28,44.61,70.22,26.76,98.8
2007-12-31,44.49,69.76,26.66,98.37
2008-01-01,44.49,69.76,26.66,98.37
2008-01-02,43.66,68.14,25.35,100.58
2008-01-03,42.95,67.12,24.67,102.31
2008-01-04,41.71,65.65,22.67,98.0
2008-01-07,41.23,65.98,22.88,96.81
2008-01-08,40.62,64.97,22.26,96.71
2008-01-09,40.26,67.27,22.75,98.61
2008-01-10,40.46,69.86,22.54,97.09
2008-01-11,39.56,66.43,21.99,94.01
2008-01-14,39.44,64.71,23.08,95.53
2008-01-15,38.99,63.98,22.69,88.93
2008-01-16,39.53,64.1,19.88,85.9
2008-01-17,38.13,64.3,19.33,82.51
2008-01-18,38.26,64.53,19.0,79.52
2008-01-21,38.26,64.53,19.0,79.52
2008-01-22,39.84,66.06,18.63,77.09
2008-01-23,42.25,68.61,19.98,80.34
2008-01-24,42.81,67.15,20.69,80.32
2008-01-25,41.41,65.46,20.0,77.7
2008-01-28,43.13,66.36,20.29,79.23
2008-01-29,41.76,66.68,20.5,78.69
2008-01-30,41.84,66.23,20.69,75.75
2008-01-31,44.4,67.94,21.1,75.4
2008-02-01,44.78,67.79,21.7699,78.28
2008-02-04,42.03,66.98,21.2,79.09
2008-02-05,40.72,64.87,20.1215,76.93
2008-02-06,40.6,63.71,19.9199,74.86
2008-02-07,40.86,64.75,20.05,75.76
2008-02-08,40.81,63.24,20.27,77.37
2008-02-11,41.37,64.0,20.68,80.49
2008-02-12,42.36,64.41,20.9,81.49
2008-02-13,42.67,65.68,21.21,84.89
2008-02-14,42.07,64.01,20.46,84.11
2008-02-15,41.35,63.92,20.11,84.08
2008-02-18,41.35,63.92,20.11,84.08
2008-02-19,41.88,62.83,20.16,86.72
2008-02-20,41.68,64.56,20.38,86.06
2008-02-21,40.87,64.97,20.3,83.91
2008-02-22,41.85,66.02,19.82,85.45
2008-02-25,42.12,65.63,19.94,87.54
2008-02-26,42.5,66.46,20.69,89.1
2008-02-27,42.35,64.49,20.77,88.25
2008-02-28,40.6,63.1,20.49,89.69
2008-02-29,39.35,61.92,19.9699,86.45
2008-03-03,39.47,62.51,20.01,86.98
2008-03-04,40.05,62.39,20.0,84.55
2008-03-05,39.76,60.8299,20.1999,87.85
2008-03-06,38.54,60.04,19.87,87.66
2008-03-07,38.42,60.3,20.07,85.61
2008-03-10,37.82,60.25,20.12,82.8
2008-03-11,38.97,62.62,21.2001,86.61
2008-03-12,38.45,62.6,21.12,84.34
2008-03-13,39.23,62.17,21.28,85.16
2008-03-14,37.85,60.86,20.66,83.9
2008-03-17,36.48,60.36,20.85,81.23
2008-03-18,38.38,61.67,21.75,84.37
2008-03-19,37.6,60.88,21.0899,80.17
2008-03-20,40.89,63.42,21.75,80.64
2008-03-21,40.89,63.42,21.75,80.64
2008-03-24,42.35,65.5,22.13,81.27
2008-03-25,42.11,66.59,22.27,82.64
2008-03-26,41.2,66.62,21.86,86.52
2008-03-27,40.77,65.26,21.09,85.38
2008-03-28,39.7,64.37,20.79,85.66
2008-03-31,40.48,64.97,21.18,87.0
2008-04-01,43.14,66.49,21.97,89.24
2008-04-02,42.64,66.25,21.85,90.8
2008-04-03,42.1,66.87,21.93,91.3
2008-04-04,41.66,66.45,21.87,91.37
2008-04-07,42.05,66.3,21.75,90.58
2008-04-08,41.55,66.93,21.08,89.62
2008-04-09,40.02,66.03,21.42,90.18
2008-04-10,40.26,66.52,22.08,92.6
2008-04-11,39.72,65.7,21.24,90.61
2008-04-14,39.8,65.32,20.69,91.19
2008-04-15,39.26,65.72,20.91,91.13
2008-04-16,40.81,67.24,22.13,94.8
2008-04-17,41.4,68.49,22.11,95.3
2008-04-18,42.48,69.43,22.55,101.85
2008-04-21,41.25,69.11,22.46,106.91
2008-04-22,40.32,68.08,21.99,105.91
2008-04-23,39.38,69.6,22.56,104.87
2008-04-24,39.75,70.22,22.69,101.94
2008-04-25,39.45,71.54,22.56,102.74
2008-04-28,39.53,70.83,22.71,102.36
2008-04-29,39.71,71.0,22.62,99.26
2008-04-30,40.17,71.25,22.26,100.55
2008-05-01,41.55,72.0,23.29,98.35
2008-05-02,41.94,72.14,23.58,99.63
2008-05-05,40.97,72.43,23.25,101.56
2008-05-06,40.55,72.65,23.58,103.58
2008-05-07,39.88,72.08,23.17,102.01
2008-05-08,40.46,71.2,23.4,105.56
2008-05-09,39.72,71.44,23.37,105.01
2008-05-12,40.72,73.68,23.64,103.45
2008-05-13,39.91,73.98,23.76,104.9
2008-05-14,39.62,74.22,23.84,103.06
2008-05-15,40.36,74.45,24.97,103.45
2008-05-16,39.65,73.27,25.0,105.31
2008-05-19,40.0,72.11,24.88,106.63
2008-05-20,39.22,71.39,24.09,105.92
2008-05-21,37.43,69.39,23.66,104.26
2008-05-22,37.95,70.76,23.88,102.47
2008-05-23,36.99,71.32,23.41,100.03
2008-05-26,36.99,71.32,23.41,100.03
2008-05-27,38.08,72.59,23.6,101.03
2008-05-28,38.83,73.24,23.47,102.89
2008-05-29,39.02,72.98,23.14,100.99
2008-05-30,40.06,71.32,23.18,101.13
2008-06-02,39.28,70.33,23.2,100.26
2008-06-03,38.23,70.04,22.94,98.98
2008-06-04,38.58,70.81,23.48,99.15
2008-06-05,39.35,73.5,23.87,104.99
2008-06-06,37.23,71.19,22.901999999999997,101.94
2008-06-09,36.95,71.33,22.76,104.81
2008-06-10,37.47,70.46,22.68,102.34
2008-06-11,36.21,68.87,21.81,101.3
2008-06-12,36.65,68.2,22.05,98.82
2008-06-13,36.99,70.32,22.66,99.69
2008-06-16,36.22,70.42,22.86,100.87
2008-06-17,35.51,69.93,22.58,103.47
2008-06-18,34.97,68.96,22.28,104.92
2008-06-19,36.84,70.24,22.85,104.83
2008-06-20,35.47,68.73,22.37,104.1
2008-06-23,34.4,68.44,22.36,108.42
2008-06-24,34.48,69.26,22.41,106.76
2008-06-25,35.53,70.89,22.65,105.22
2008-06-26,33.47,69.03,21.59,105.01
2008-06-27,32.93,70.26,21.49,105.9
2008-06-30,32.96,70.14,21.48,107.43
2008-07-01,32.3,72.55,21.57,109.86
2008-07-02,32.23,72.13,20.93,103.36
2008-07-03,31.89,72.23,20.66,101.88
2008-07-04,31.89,72.23,20.66,101.88
2008-07-07,32.35,72.87,20.71,99.51
2008-07-08,34.26,74.66,20.92,96.19
2008-07-09,32.4,72.15,19.81,97.23
2008-07-10,30.88,70.86,20.62,99.23
2008-07-11,30.29,69.83,20.64,99.16
2008-07-14,29.97,69.57,20.47,101.79
2008-07-15,30.25,69.57,20.71,97.31
2008-07-16,33.21,72.58,20.91,95.86
2008-07-17,36.41,74.13,21.99,96.78
2008-07-18,36.64,72.23,22.09,100.55
2008-07-21,35.42,69.66,22.09,106.08
2008-07-22,39.73,72.0,22.09,104.09
2008-07-23,39.9,63.43,22.3,100.54
2008-07-24,37.63,62.98,21.67,99.27
2008-07-25,37.91,61.76,22.01,98.96
2008-07-28,36.13,60.35,21.67,97.64
2008-07-29,38.21,61.78,22.23,96.23
2008-07-30,37.51,63.0,22.23,102.41
2008-07-31,36.94,62.68,22.19,101.6
2008-08-01,36.56,62.2,22.35,100.2
2008-08-04,37.36,62.52,22.52,94.41
2008-08-05,40.18,64.63,23.02,95.91
2008-08-06,39.78,65.72,22.8,97.45
2008-08-07,37.63,65.82,23.67,95.77
2008-08-08,39.9,66.99,24.23,92.28
2008-08-11,40.82,67.1,24.38,92.69
2008-08-12,39.19,67.78,24.52,92.65
2008-08-13,37.69,66.95,24.12,95.91
2008-08-14,39.28,67.14,24.36,94.05
2008-08-15,39.47,68.0,24.26,91.47
2008-08-18,38.21,67.41,24.01,89.37
2008-08-19,36.82,66.46,23.59,92.88
2008-08-20,35.76,65.94,23.39,95.62
2008-08-21,36.01,66.25,23.05,98.96
2008-08-22,37.26,67.43,23.49,97.26
2008-08-25,36.36,66.45,22.97,96.18
2008-08-26,36.0,66.52,23.15,98.0
2008-08-27,36.23,66.71,23.41,98.52
2008-08-28,37.78,67.81,23.59,96.68
2008-08-29,37.06,67.06,22.87,94.22
2008-09-01,37.06,67.06,22.87,94.22
2008-09-02,39.13,68.26,22.58,90.46
2008-09-03,39.05,68.33,21.54,88.65
2008-09-04,37.9,67.36,20.52,86.74
2008-09-05,38.99,68.44,20.61,85.79
2008-09-08,40.71,68.93,20.97,86.01
2008-09-09,40.02,68.63,20.33,80.9
2008-09-10,39.6,69.43,20.16,84.61
2008-09-11,40.25,70.37,20.19,87.03
2008-09-12,41.1,69.55,20.16,88.68
2008-09-15,41.02,68.95,19.36,82.95
2008-09-16,40.97,68.88,19.48,86.85
2008-09-17,38.93,65.37,18.55,82.02
2008-09-18,39.23,68.23,19.26,82.64
2008-09-19,39.76,66.09,19.23,90.71
2008-09-22,37.39,64.32,18.5,89.94
2008-09-23,37.22,64.16,18.63,86.22
2008-09-24,36.88,64.79,18.7,86.23
2008-09-25,36.26,65.98,18.57,88.02
2008-09-26,35.5,66.29,19.2,86.03
2008-09-29,33.23,63.2,17.27,73.75
2008-09-30,35.35,64.93,18.73,78.09
2008-10-01,35.97,64.69,18.52,76.87
2008-10-02,34.68,61.92,17.2,72.06
2008-10-03,32.74,62.6,17.31,72.53
2008-10-06,30.95,60.47,16.93,69.5
2008-10-07,29.59,57.8,16.02,65.49
2008-10-08,29.59,57.06,16.25,66.14
2008-10-09,27.92,54.4,15.6,60.55
2008-10-10,28.02,53.9,15.19,60.5
2008-10-13,30.97,59.52,16.99,65.55
2008-10-14,30.35,58.41,15.93,66.67
2008-10-15,27.82,53.61,14.99,54.4
2008-10-16,29.32,57.79,15.88,53.2
2008-10-17,29.59,57.98,15.5,49.99
2008-10-20,30.07,58.08,16.04,55.74
2008-10-21,29.92,55.86,15.25,53.78
2008-10-22,28.16,53.55,14.58,49.74
2008-10-23,27.31,52.21,14.51,52.04
2008-10-24,26.52,50.93,14.28,47.52
2008-10-27,25.04,51.9,14.25,43.28
2008-10-28,27.72,57.48,15.86,48.0
2008-10-29,28.4,56.88,14.94,51.3
2008-10-30,28.71,56.97,16.17,52.75
2008-10-31,25.4,57.01,16.031,51.65
2008-11-03,24.07,53.47,15.64,49.73
2008-11-04,24.95,55.09,16.26,52.08
2008-11-05,23.46,53.71,15.06,50.24
2008-11-06,21.88,53.51,13.87,48.15
2008-11-07,22.03,54.07,14.63,51.38
2008-11-10,20.85,53.0,14.35,51.14
2008-11-11,20.92,52.28,13.93,48.64
2008-11-12,19.24,48.78,13.52,44.99
2008-11-13,20.06,49.97,14.43,51.7
2008-11-14,18.97,48.06,13.32,48.76
2008-11-17,18.54,47.31,13.0,47.95
2008-11-18,18.8,46.76,13.11,50.23
2008-11-19,16.47,45.27,12.49,47.3
2008-11-20,15.02,44.99,12.23,39.6
2008-11-21,15.77,46.71,13.11,45.0
2008-11-24,17.75,49.45,13.56,46.39
2008-11-25,17.84,50.67,13.13,46.7
2008-11-26,19.47,51.45,13.97,50.14
2008-11-27,19.47,51.45,13.97,50.14
2008-11-28,21.0,51.47,13.8,50.74
2008-12-01,19.59,47.91,12.56,42.08
2008-12-02,20.09,50.1,13.28,43.92
2008-12-03,21.19,51.42,13.66,42.53
2008-12-04,21.08,52.75,12.77,40.0
2008-12-05,21.48,55.58,13.29,39.08
2008-12-08,21.93,55.19,13.94,41.31
2008-12-09,21.9,53.1,14.3,42.01
2008-12-10,22.74,53.69,14.27,43.63
2008-12-11,21.83,52.06,14.01,42.35
2008-12-12,21.72,53.4,14.75,41.1
2008-12-15,20.81,52.74,14.59,42.81
2008-12-16,22.87,53.03,15.64,42.88
2008-12-17,23.47,53.94,15.26,42.54
2008-12-18,24.24,54.15,14.26,39.43
2008-12-19,24.2,53.79,14.44,40.44
2008-12-22,23.13,52.72,14.34,38.91
2008-12-23,23.13,51.47,14.07,37.74
2008-12-24,23.2,51.69,14.23,38.22
2008-12-25,23.2,51.69,14.23,38.22
2008-12-26,23.34,51.47,14.18,39.47
2008-12-29,23.04,50.83,14.13,40.91
2008-12-30,24.17,51.13,14.69,42.12
2008-12-31,24.32,52.5,14.66,42.33
2009-01-01,24.32,52.5,14.66,42.33
2009-01-02,25.55,53.35,15.2,45.62
2009-01-05,25.08,52.29,14.91,46.82
2009-01-06,25.22,51.45,15.37,47.6
2009-01-07,24.21,50.12,14.44,45.61
2009-01-08,24.13,50.65,14.55,45.83
2009-01-09,23.61,49.14,14.15,43.0
2009-01-12,22.49,49.43,13.79,41.35
2009-01-13,22.7,48.94,13.67,42.82
2009-01-14,21.72,47.63,13.08,40.43
2009-01-15,20.95,48.47,13.29,40.18
2009-01-16,21.11,48.8,13.74,39.9
2009-01-19,21.11,48.8,13.74,39.9
2009-01-20,19.11,47.22,12.86,36.83
2009-01-21,19.88,47.9,13.26,38.99
2009-01-22,19.44,47.45,12.82,37.27
2009-01-23,19.38,46.97,13.12,41.09
2009-01-26,19.04,47.35,13.38,42.0
2009-01-27,19.58,47.9,13.81,41.97
2009-01-28,19.97,47.81,14.01,44.16
2009-01-29,18.6,46.45,13.37,41.93
2009-01-30,18.19,45.03,12.9,40.81
2009-02-02,18.01,45.3,13.63,40.79
2009-02-03,18.89,46.12,13.73,40.99
2009-02-04,18.48,42.98,13.88,42.28
2009-02-05,19.33,43.83,14.25,44.55
2009-02-06,20.7,45.21,14.73,45.29
2009-02-09,21.45,45.17,14.91,46.12
2009-02-10,21.21,43.97,14.08,43.36
2009-02-11,21.64,43.54,14.08,42.55
2009-02-12,21.2,44.32,14.0,41.97
2009-02-13,20.87,42.76,13.88,41.52
2009-02-16,20.87,42.76,13.88,41.52
2009-02-17,20.02,42.12,13.21,38.2
2009-02-18,19.72,42.38,13.36,38.2
2009-02-19,19.39,42.62,12.68,38.54
2009-02-20,19.4,42.76,12.78,36.88
2009-02-23,18.57,41.17,12.08,35.19
2009-02-24,20.25,42.55,12.73,38.05
2009-02-25,19.79,42.0,13.03,37.23
2009-02-26,19.99,41.55,12.71,38.17
2009-02-27,19.56,42.34,12.74,38.06
2009-03-02,18.21,40.84,12.31,35.84
2009-03-03,18.1,40.69,12.28,35.66
2009-03-04,19.52,40.81,12.76,38.83
2009-03-05,18.1,39.56,12.31,36.16
2009-03-06,17.3,38.98,12.41,36.73
2009-03-09,16.98,38.44,12.55,36.67
2009-03-10,19.18,40.14,13.92,39.52
2009-03-11,19.67,39.56,13.96,38.8
2009-03-12,20.74,40.86,14.52,39.96
2009-03-13,20.54,42.2,14.7,39.3
2009-03-16,20.5,42.12,14.25,41.44
2009-03-17,21.58,43.98,14.9,42.11
2009-03-18,22.07,44.46,15.24,42.91
2009-03-19,22.39,45.12,15.15,44.31
2009-03-20,21.3,44.83,14.65,41.52
2009-03-23,23.31,47.54,15.52,46.75
2009-03-24,22.64,46.36,15.0,46.01
2009-03-25,22.71,46.81,14.94,45.34
2009-03-26,23.14,48.46,15.82,45.54
2009-03-27,22.17,47.4,15.42,43.52
2009-03-30,20.92,46.25,14.72,41.12
2009-03-31,21.6,46.32,15.03,40.62
2009-04-01,23.04,46.35,15.03,41.1
2009-04-02,24.19,48.07,15.7,43.79
2009-04-03,25.52,48.91,15.95,45.07
2009-04-06,24.75,47.74,15.86,43.95
2009-04-07,23.5,46.39,15.45,42.99
2009-04-08,23.99,47.7,15.27,43.54
2009-04-09,25.6,46.9,15.98,44.16
2009-04-10,25.6,46.9,15.98,44.16
2009-04-13,26.2,46.41,15.98,44.25
2009-04-14,25.28,45.35,16.01,44.11
2009-04-15,25.82,45.66,15.62,45.53
2009-04-16,27.41,46.23,15.89,46.0
2009-04-17,27.25,45.77,15.6,46.57
2009-04-20,25.25,44.34,15.0,44.1
2009-04-21,25.57,46.46,15.36,46.63
2009-04-22,26.59,47.07,15.67,46.23
2009-04-23,27.72,46.83,15.53,46.61
2009-04-24,28.43,48.17,15.62,49.73
2009-04-27,24.59,47.64,15.28,48.38
2009-04-28,25.55,47.07,15.05,48.04
2009-04-29,26.53,47.67,15.35,50.03
2009-04-30,26.88,48.6,15.78,48.99
2009-05-01,26.14,47.69,15.81,50.67
2009-05-04,29.57,47.71,16.66,54.08
2009-05-05,29.32,47.65,16.16,54.2
2009-05-06,29.47,46.87,16.12,56.05
2009-05-07,28.13,45.93,15.77,54.1
2009-05-08,27.87,46.6,15.29,56.53
2009-05-11,27.26,46.02,15.37,54.77
2009-05-12,26.86,46.91,15.21,55.75
2009-05-13,25.28,45.65,15.13,53.54
2009-05-14,25.56,44.8,15.54,53.93
2009-05-15,25.0,44.75,15.19,52.05
2009-05-18,26.49,46.09,15.52,54.15
2009-05-19,26.54,47.21,15.65,54.01
2009-05-20,25.05,48.78,15.58,55.04
2009-05-21,24.68,48.31,15.18,51.94
2009-05-22,24.95,48.3,15.05,51.75
2009-05-25,24.95,48.3,15.05,51.75
2009-05-26,25.91,49.14,15.48,53.92
2009-05-27,24.8,48.83,15.46,53.41
2009-05-28,24.39,47.97,15.72,56.35
2009-05-29,25.44,48.52,15.72,57.23
2009-06-01,26.68,49.7,16.5,59.17
2009-06-02,26.8,49.45,16.19,59.18
2009-06-03,26.24,48.47,15.94,56.89
2009-06-04,25.99,47.87,16.13,58.31
2009-06-05,25.56,47.64,15.92,57.27
2009-06-08,25.0,47.53,15.92,57.33
2009-06-09,25.03,47.13,16.42,58.85
2009-06-10,23.85,46.59,16.46,59.27
2009-06-11,23.73,46.27,16.35,62.18
2009-06-12,24.17,47.03,16.31,60.27
2009-06-15,23.16,46.33,15.98,58.59
2009-06-16,22.53,45.95,15.86,56.97
2009-06-17,23.05,46.59,16.14,55.98
2009-06-18,24.77,46.24,15.87,55.75
2009-06-19,26.6,46.11,16.01,55.35
2009-06-22,24.56,45.35,15.68,52.32
2009-06-23,24.54,45.07,15.81,53.3
2009-06-24,25.48,45.04,16.1,53.46
2009-06-25,25.74,46.28,16.31,55.35
2009-06-26,25.35,46.41,16.29,54.48
2009-06-29,26.09,46.2,16.38,54.97
2009-06-30,25.77,45.78,16.55,54.11
2009-07-01,26.27,45.79,17.04,54.28
2009-07-02,25.35,44.64,16.72,52.55
2009-07-03,25.35,44.64,16.72,52.55
2009-07-06,25.44,45.7,16.54,51.45
2009-07-07,24.93,44.54,16.25,49.2
2009-07-08,24.51,46.02,15.94,49.84
2009-07-09,25.28,45.5,16.02,50.22
2009-07-10,24.68,44.97,16.04,50.51
2009-07-13,25.07,44.97,16.49,50.99
2009-07-14,25.49,45.03,16.83,51.83
2009-07-15,27.26,46.9,18.05,54.56
2009-07-16,27.24,47.49,18.5,55.48
2009-07-17,26.34,47.48,18.79,56.01
2009-07-20,27.68,48.47,18.9,56.88
2009-07-21,27.63,48.38,18.9,57.0
2009-07-22,27.81,48.82,19.14,55.3
2009-07-23,28.55,48.6,19.48,57.77
2009-07-24,28.5,49.13,19.36,57.34
2009-07-27,28.24,48.68,19.47,56.49
2009-07-28,28.43,48.84,19.37,54.6
2009-07-29,27.29,48.77,19.4,52.49
2009-07-30,28.16,49.25,19.33,53.43
2009-07-31,27.99,49.5,19.25,53.5
2009-08-03,29.0,50.0,19.37,55.95
2009-08-04,29.42,49.48,19.32,55.2
2009-08-05,28.96,49.06,18.86,54.1
2009-08-06,28.91,48.75,18.7,53.7
2009-08-07,30.35,50.1,18.5,53.25
2009-08-10,29.87,49.4,18.76,53.51
2009-08-11,29.51,48.92,18.64,52.88
2009-08-12,30.47,49.15,18.81,53.88
2009-08-13,30.34,48.88,19.05,55.13
2009-08-14,29.85,48.63,18.77,53.38
2009-08-17,28.25,47.47,18.45,51.3
2009-08-18,28.86,47.4,18.772000000000002,52.03
2009-08-19,29.38,47.94,18.8,52.87
2009-08-20,30.13,47.91,18.71,53.8
2009-08-21,30.88,48.56,18.8901,56.56
2009-08-24,30.69,48.12,18.76,57.34
2009-08-25,31.06,49.62,19.1,56.13
2009-08-26,30.51,50.23,19.43,56.58
2009-08-27,30.06,51.31,19.47,56.9
2009-08-28,30.34,51.77,20.25,57.36
2009-08-31,29.25,50.98,20.32,56.2
2009-09-01,28.61,50.65,19.72,54.91
2009-09-02,28.51,50.65,19.47,54.06
2009-09-03,29.33,54.99,19.42,54.42
2009-09-04,29.35,55.47,19.64,55.87
2009-09-07,29.35,55.47,19.64,55.87
2009-09-08,30.84,56.73,19.8,58.1
2009-09-09,31.88,57.06,19.93,57.36
2009-09-10,32.23,56.91,19.76,58.43
2009-09-11,32.65,56.81,19.51,60.39
2009-09-14,32.44,56.99,19.36,59.81
2009-09-15,32.94,56.82,19.55,59.83
2009-09-16,33.22,57.7,19.65,62.41
2009-09-17,32.86,57.96,19.41,61.79
2009-09-18,32.26,57.55,19.56,61.85
2009-09-21,32.0,58.58,19.54,60.79
2009-09-22,33.52,58.4,19.53,61.57
2009-09-23,33.12,57.98,19.88,60.26
2009-09-24,33.95,57.43,19.54,59.16
2009-09-25,33.01,56.28,19.37,59.48
2009-09-28,33.62,56.56,19.74,60.53
2009-09-29,33.5,56.49,19.48,60.42
2009-09-30,33.28,56.38,19.57,59.6
2009-10-01,32.73,55.69,18.9,57.13
2009-10-02,32.45,56.47,18.97,56.83
2009-10-05,32.56,56.88,19.1,57.96
2009-10-06,32.63,57.93,19.63,59.24
2009-10-07,32.56,59.0,19.75,61.02
2009-10-08,33.26,58.63,19.88,62.65
2009-10-09,32.65,58.64,20.17,62.89
2009-10-12,32.65,58.03,20.4,64.22
2009-10-13,32.63,58.48,20.49,64.15
2009-10-14,33.32,58.77,20.831,66.04
2009-10-15,33.37,58.97,20.67,68.79
2009-10-16,33.07,58.48,20.18,69.08
2009-10-19,33.34,59.23,20.41,70.76
2009-10-20,33.15,59.09,20.18,69.16
2009-10-21,32.09,57.71,19.859,68.01
2009-10-22,33.01,58.27,20.12,68.6
2009-10-23,32.03,57.81,19.78,65.2
2009-10-26,30.59,57.65,19.83,64.3
2009-10-27,30.23,57.15,19.74,64.93
2009-10-28,29.18,56.72,19.03,62.27
2009-10-29,30.68,57.92,19.22,64.8
2009-10-30,29.12,56.85,19.11,62.2
2009-11-02,29.48,57.75,19.01,62.71
2009-11-03,29.31,57.65,18.5,64.47
2009-11-04,29.75,58.81,18.59,64.3
2009-11-05,30.82,59.41,18.89,65.1
2009-11-06,30.57,59.41,18.93,64.4
2009-11-09,31.92,60.44,19.46,65.13
2009-11-10,31.69,60.04,19.5,65.38
2009-11-11,31.6,60.4,19.84,66.14
2009-11-12,31.38,60.12,19.68,64.6
2009-11-13,32.28,60.47,19.82,65.52
2009-11-16,32.96,61.12,20.23,67.89
2009-11-17,32.74,60.62,20.32,67.09
2009-11-18,32.75,60.77,20.12,66.71
2009-11-19,31.88,60.48,19.3,64.54
2009-11-20,32.09,60.06,19.24,63.34
2009-11-23,32.29,60.57,19.4,64.63
2009-11-24,32.11,60.51,19.39,65.56
2009-11-25,33.03,60.89,19.34,65.03
2009-11-26,33.03,60.89,19.34,65.03
2009-11-27,32.02,60.03,19.11,63.14
2009-11-30,32.03,59.91,19.2,63.89
2009-12-01,32.13,60.73,19.66,64.65
2009-12-02,32.71,60.87,19.72,63.99
2009-12-03,32.65,59.02,19.87,62.2
2009-12-04,32.86,59.19,20.46,61.37
2009-12-07,32.41,59.35,20.37,61.36
2009-12-08,31.83,58.75,19.99,60.0
2009-12-09,31.34,58.66,20.01,60.02
2009-12-10,32.19,58.76,20.15,61.48
2009-12-11,32.43,59.32,19.9,61.38
2009-12-14,33.7,59.47,19.98,61.97
2009-12-15,33.88,58.98,19.8,62.24
2009-12-16,33.82,58.77,19.38,63.53
2009-12-17,33.36,57.8,19.07,62.57
2009-12-18,32.22,58.43,19.63,62.95
2009-12-21,32.37,59.27,20.09,63.77
2009-12-22,32.73,59.57,20.04,63.98
2009-12-23,32.53,60.07,20.1,65.23
2009-12-24,32.48,60.4,20.33,65.35
2009-12-25,32.48,60.4,20.33,65.35
2009-12-28,32.25,60.56,20.3,65.72
2009-12-29,32.32,60.26,20.402,65.2
2009-12-30,32.1,60.05,20.59,65.56
2009-12-31,31.69,59.17,20.4,65.09
2010-01-01,31.69,59.17,20.4,65.09
2010-01-04,32.06,59.41,20.88,67.11
2010-01-05,32.37,59.23,20.87,67.3
2010-01-06,31.79,60.0,20.8,68.8
2010-01-07,32.14,59.71,20.6,69.51
2010-01-08,33.22,59.28,20.83,70.65
2010-01-11,33.42,59.35,20.95,70.65
2010-01-12,32.88,59.03,20.608,69.59
2010-01-13,34.05,59.4,20.96,70.85
2010-01-14,35.07,58.72,21.48,71.29
2010-01-15,34.23,58.79,20.8,70.83
2010-01-18,34.23,58.79,20.8,70.83
2010-01-19,35.01,58.95,21.05,70.93
2010-01-20,34.31,58.27,21.08,69.09
2010-01-21,34.21,57.52,20.84,68.31
2010-01-22,33.3,57.07,19.91,65.24
2010-01-25,33.56,57.55,20.32,65.81
2010-01-26,33.74,57.93,20.0,65.75
2010-01-27,33.88,57.53,20.24,65.7
2010-01-28,34.41,57.35,19.92,64.63
2010-01-29,33.33,57.43,19.4,63.46
2010-02-01,34.14,57.91,19.61,64.79
2010-02-02,34.59,58.77,19.91,66.12
2010-02-03,34.59,58.42,19.68,65.99
2010-02-04,32.9,58.52,19.02,62.5
2010-02-05,32.53,58.58,19.47,62.06
2010-02-08,33.16,58.14,19.35,62.12
2010-02-09,32.8,58.76,19.65,63.76
2010-02-10,32.61,59.15,19.69,63.65
2010-02-11,33.18,59.67,20.06,64.76
2010-02-12,32.82,59.28,20.43,64.3
2010-02-15,32.82,59.28,20.43,64.3
2010-02-16,33.48,60.67,20.72,65.65
2010-02-17,34.01,61.05,20.66,65.43
2010-02-18,33.78,60.96,20.84,65.81
2010-02-19,33.89,61.14,20.82,63.9
2010-02-22,34.11,60.79,20.87,61.57
2010-02-23,33.67,60.51,20.387999999999998,60.88
2010-02-24,35.8,60.86,20.7,60.91
2010-02-25,35.66,61.4,20.63,60.81
2010-02-26,35.96,60.97,20.53,61.1
2010-03-01,36.1,61.65,20.87,61.42
2010-03-02,35.75,61.38,20.6975,62.81
2010-03-03,35.71,60.68,20.52,63.23
2010-03-04,36.15,60.8,20.53,62.88
2010-03-05,37.04,60.68,20.79,63.81
2010-03-08,36.94,60.67,20.77,64.48
2010-03-09,36.94,60.13,20.94,64.1
2010-03-10,37.17,59.84,21.19,64.2
2010-03-11,37.25,59.9,21.25,63.9
2010-03-12,37.49,60.17,21.27,64.54
2010-03-15,37.15,60.55,21.17,64.31
2010-03-16,37.12,60.91,22.01,65.52
2010-03-17,37.6,61.33,22.2425,66.6
2010-03-18,37.66,61.27,22.2,65.25
2010-03-19,37.62,60.72,21.9925,64.32
2010-03-22,37.91,60.88,22.24,63.49
2010-03-23,38.81,60.76,22.6725,63.03
2010-03-24,38.46,60.07,22.43,62.21
2010-03-25,38.54,60.05,22.35,60.76
2010-03-26,38.8,60.13,22.24,61.67
2010-03-29,38.98,60.14,22.33,63.07
2010-03-30,39.19,60.17,22.34,63.05
2010-03-31,38.88,59.71,22.29,63.46
2010-04-01,39.24,60.14,22.39,64.57
2010-04-02,39.24,60.14,22.39,64.57
2010-04-05,39.39,60.82,22.59,65.77
2010-04-06,39.33,61.74,22.4,66.79
2010-04-07,38.3,61.72,22.45,66.04
2010-04-08,38.59,60.98,22.31,66.62
2010-04-09,38.98,61.21,22.55,66.53
2010-04-12,38.82,60.35,22.539,66.31
2010-04-13,38.86,59.89,22.7699,65.51
2010-04-14,39.16,59.62,23.52,67.1
2010-04-15,39.48,59.03,24.221,67.21
2010-04-16,38.97,59.19,23.92,65.8
2010-04-19,38.9,59.47,24.0,65.24
2010-04-20,39.92,59.49,24.12,67.85
2010-04-21,40.23,59.51,23.8,68.02
2010-04-22,41.6,60.22,23.99,68.18
2010-04-23,42.77,60.2,24.04,72.68
2010-04-26,43.85,60.07,23.82,72.69
2010-04-27,42.43,59.17,23.35,70.31
2010-04-28,41.59,58.85,23.26,71.01
2010-04-29,43.16,59.35,23.49,73.15
2010-04-30,41.7,59.08,22.84,71.42
2010-05-03,42.42,59.31,23.26,71.31
2010-05-04,40.6,59.88,22.56,68.95
2010-05-05,39.6,60.36,22.1725,67.3
2010-05-06,38.03,58.03,21.51,65.35
2010-05-07,36.68,57.31,21.31,62.86
2010-05-10,39.21,57.52,22.55,66.83
2010-05-11,38.88,57.94,22.28,66.84
2010-05-12,40.08,57.88,23.09,66.65
2010-05-13,38.9,57.67,22.5,66.94
2010-05-14,37.57,57.74,21.89,64.88
2010-05-17,38.12,58.35,22.02,64.15
2010-05-18,37.42,57.78,21.43,63.74
2010-05-19,37.02,57.77,21.6,62.59
2010-05-20,35.12,56.59,20.79,59.22
2010-05-21,35.61,57.44,20.9075,60.5
2010-05-24,35.36,56.76,20.67,57.6
2010-05-25,35.22,56.5,20.85,58.46
2010-05-26,34.96,55.98,20.7,58.75
2010-05-27,36.78,58.74,21.76,60.02
2010-05-28,36.23,58.25,21.42,56.15
2010-05-31,36.23,58.25,21.42,56.15
2010-06-01,35.67,57.98,21.18,51.75
2010-06-02,37.04,58.95,21.81,56.31
2010-06-03,37.17,57.93,21.9,56.63
2010-06-04,35.295,56.1725,20.945,55.74
2010-06-07,34.56,55.85,20.3075,54.23
2010-06-08,34.96,56.66,20.18,55.56
2010-06-09,34.71,57.4,19.93,55.47
2010-06-10,36.33,57.65,20.55,59.17
2010-06-11,36.31,57.52,20.64,59.48
2010-06-14,36.37,57.52,20.89,58.66
2010-06-15,37.43,59.16,21.48,60.87
2010-06-16,36.75,58.34,21.489,60.81
2010-06-17,36.0,58.58,21.52,61.36
2010-06-18,35.41,58.21,21.4,60.53
2010-06-21,34.74,57.78,21.19,60.33
2010-06-22,33.19,57.61,20.98,58.26
2010-06-23,33.31,57.44,20.81,58.33
2010-06-24,32.35,56.22,20.32,57.14
2010-06-25,32.58,56.44,20.0325,58.22
2010-06-28,32.1,56.65,20.36,57.34
2010-06-29,30.14,55.63,19.79,55.08
2010-06-30,30.24,54.83,19.45,55.34
2010-07-01,31.31,54.9,19.25,55.26
2010-07-02,30.62,54.23,19.2,54.96
2010-07-05,30.62,54.23,19.2,54.96
2010-07-06,30.49,54.0,19.480999999999998,55.54
2010-07-07,31.56,54.29,20.1425,57.54
2010-07-08,31.58,55.71,20.1,58.54
2010-07-09,32.12,56.19,20.24,58.56
2010-07-12,31.67,55.93,20.57,58.25
2010-07-13,32.82,56.51,21.01,58.62
2010-07-14,32.75,56.35,21.36,58.89
2010-07-15,32.8,56.55,21.51,58.67
2010-07-16,31.41,54.98,21.02,56.68
2010-07-19,31.4,54.82,21.59,59.15
2010-07-20,31.71,55.09,21.65,61.04
2010-07-21,31.43,53.61,21.26,59.59
2010-07-22,33.67,54.9,21.78,61.3
2010-07-23,34.19,55.95,21.69,59.35
2010-07-26,35.15,55.71,21.71,58.85
2010-07-27,34.52,57.21,21.58,58.93
2010-07-28,34.63,56.51,21.33,59.73
2010-07-29,34.4,56.21,21.03,59.81
2010-07-30,34.68,56.71,20.6,59.66
2010-08-02,35.52,56.84,21.15,62.74
2010-08-03,35.39,56.55,20.87,62.86
2010-08-04,35.98,57.4,20.73,62.92
2010-08-05,35.84,56.46,20.67,63.26
2010-08-06,35.63,56.54,20.65,62.34
2010-08-09,35.16,57.16,20.65,62.75
2010-08-10,34.32,56.98,19.82,62.15
2010-08-11,32.88,55.87,19.425,60.06
2010-08-12,32.62,55.67,19.45,59.3
2010-08-13,32.51,55.31,19.15,58.76
2010-08-16,32.47,55.37,19.47,59.37
2010-08-17,33.11,55.83,19.53,60.31
2010-08-18,33.04,55.68,19.59,59.18
2010-08-19,32.16,55.01,18.9,57.82
2010-08-20,31.79,55.04,18.91,56.46
2010-08-23,31.52,54.9,18.7,55.82
2010-08-24,30.44,55.6,18.405,54.77
2010-08-25,30.65,57.07,18.48,54.69
2010-08-26,30.56,56.28,18.18,53.46
2010-08-27,31.46,56.19,18.37,55.76
2010-08-30,30.84,56.07,17.96,54.17
2010-08-31,31.18,56.5,17.665,53.33
2010-09-01,32.9,57.79,18.14,55.18
2010-09-02,33.81,58.59,18.28,56.42
2010-09-03,34.67,58.57,18.43,57.37
2010-09-06,34.67,58.57,18.43,57.37
2010-09-07,33.87,58.64,18.12,57.13
2010-09-08,34.57,59.21,17.9,58.34
2010-09-09,35.18,58.94,18.0,58.53
2010-09-10,35.28,59.54,17.97,59.31
2010-09-13,35.83,60.05,18.5575,60.15
2010-09-14,35.89,61.04,18.74,58.85
2010-09-15,35.6,61.19,18.72,58.19
2010-09-16,35.52,61.24,18.97,58.18
2010-09-17,35.92,61.29,18.81,58.1
2010-09-20,37.06,61.28,18.9301,58.84
2010-09-21,37.57,61.27,19.14,59.29
2010-09-22,37.05,62.33,19.01,58.98
2010-09-23,36.75,62.5,18.98,58.11
2010-09-24,37.79,64.05,19.4225,60.64
2010-09-27,38.02,63.73,19.235,59.86
2010-09-28,38.34,65.0,19.505,60.29
2010-09-29,38.78,64.67,19.24,61.52
2010-09-30,38.185,64.49,19.2,61.61
2010-10-01,38.39,65.05,19.32,62.43
2010-10-04,38.09,64.56,18.87,61.2
2010-10-05,39.86,64.66,19.15,62.96
2010-10-06,39.95,65.41,19.31,63.13
2010-10-07,40.12,65.26,19.4,62.99
2010-10-08,40.28,64.29,19.52,63.56
2010-10-11,40.11,64.32,19.56,63.5
2010-10-12,40.18,63.34,19.77,62.66
2010-10-13,40.19,63.36,19.24,64.62
2010-10-14,39.65,63.18,19.32,64.26
2010-10-15,39.33,63.7,19.32,64.5
2010-10-18,39.69,63.21,19.19,64.51
2010-10-19,39.23,62.21,19.21,63.14
2010-10-20,39.71,62.61,19.64,64.29
2010-10-21,39.93,63.6,19.76,64.31
2010-10-22,40.14,64.03,19.835,67.77
2010-10-25,40.5,64.11,19.87,68.53
2010-10-26,43.08,63.68,20.04,69.11
2010-10-27,42.47,62.98,20.19,69.24
2010-10-28,43.07,62.8,20.47,69.78
2010-10-29,43.17,62.77,20.05,69.89
2010-11-01,43.26,63.28,20.57,70.17
2010-11-02,43.34,63.72,20.34,71.47
2010-11-03,43.57,63.16,20.48,72.21
2010-11-04,44.56,65.48,20.97,75.8
2010-11-05,44.7,65.4,21.24,75.66
2010-11-08,43.95,64.81,21.23,74.84
2010-11-09,43.37,64.22,21.16,73.92
2010-11-10,43.5,64.45,21.04,74.65
2010-11-11,42.82,65.35,21.21,75.02
2010-11-12,42.54,65.2,21.53,74.11
2010-11-15,42.12,65.48,21.295,74.3
2010-11-16,41.32,65.74,21.07,73.18
2010-11-17,41.61,67.02,21.08,74.4
2010-11-18,42.09,66.41,21.015,75.5
2010-11-19,41.92,66.56,21.135,76.43
2010-11-22,42.1,67.26,21.25,76.4
2010-11-23,40.94,66.9,21.0875,75.44
2010-11-24,42.49,67.54,21.3875,77.15
2010-11-25,42.49,67.54,21.3875,77.15
2010-11-26,41.76,67.22,21.33,76.08
2010-11-29,41.14,66.97,21.33,77.0
2010-11-30,41.31,67.61,21.1575,77.34
2010-12-01,42.57,68.31,21.48,80.85
2010-12-02,43.22,69.01,21.7,80.74
2010-12-03,43.29,68.39,21.69,82.74
2010-12-06,42.99,69.19,21.7,82.86
2010-12-07,43.0,69.64,21.58,81.0
2010-12-08,43.55,69.25,21.82,80.9
2010-12-09,43.74,71.02,21.81,81.24
2010-12-10,43.97,71.25,21.91,81.54
2010-12-13,43.38,70.74,21.5,82.43
2010-12-14,42.8,71.21,21.47,81.33
2010-12-15,42.15,71.05,21.28,80.72
2010-12-16,42.54,72.12,21.3,81.13
2010-12-17,42.51,71.84,21.46,81.34
2010-12-20,43.25,72.31,21.23,82.18
2010-12-21,45.18,72.32,21.1,82.44
2010-12-22,46.59,72.27,20.89,82.81
2010-12-23,46.3,72.24,20.84,82.52
2010-12-24,46.3,72.24,20.84,82.52
2010-12-27,45.96,72.08,20.84,82.42
2010-12-28,45.98,72.71,20.88,82.21
2010-12-29,46.12,72.7,20.94,83.63
2010-12-30,45.92,72.85,21.02,83.36
2010-12-31,46.11,72.21,21.03,83.5
2011-01-03,46.81,72.47,20.85,83.65
2011-01-04,47.09,72.33,21.15,81.63
2011-01-05,47.55,70.99,20.94,82.59
2011-01-06,47.27,70.65,20.77,80.53
2011-01-07,47.14,70.65,20.66,81.56
2011-01-10,46.37,70.48,20.69,80.68
2011-01-11,46.29,71.07,21.05,82.26
2011-01-12,47.31,71.49,21.3025,84.45
2011-01-13,47.02,71.6,21.29,84.6
2011-01-14,47.85,72.51,21.08,86.91
2011-01-17,47.85,72.51,21.08,86.91
2011-01-18,47.09,72.6,21.0825,86.76
2011-01-19,46.26,72.07,21.01,86.26
2011-01-20,46.03,72.36,20.95,85.28
2011-01-21,46.12,72.77,20.82,83.48
2011-01-24,46.21,72.62,21.24,84.25
2011-01-25,46.22,72.46,21.55,83.25
2011-01-26,47.29,72.62,21.75,87.45
2011-01-27,46.26,73.12,21.75,85.98
2011-01-28,44.61,71.93,21.46,86.67
2011-01-31,44.71,71.84,21.46,88.99
2011-02-01,45.76,72.43,21.48,89.64
2011-02-02,45.7,70.85,21.56,89.08
2011-02-03,45.55,74.03,21.57,89.43
2011-02-04,45.79,74.13,21.68,89.33
2011-02-07,46.41,74.25,21.69,89.83
2011-02-08,46.83,74.8,21.635,89.06
2011-02-09,46.95,74.67,21.46,88.49
2011-02-10,47.09,74.55,21.8,90.63
2011-02-11,47.63,75.04,21.76,90.37
2011-02-14,46.85,74.66,21.57,92.24
2011-02-15,46.85,74.33,21.45,92.34
2011-02-16,46.95,74.96,21.75,94.01
2011-02-17,45.96,74.84,21.97,94.37
2011-02-18,45.7,75.43,22.14,95.04
2011-02-21,45.7,75.43,22.14,95.04
2011-02-22,42.09,73.89,21.81,92.91
2011-02-23,42.04,72.84,21.15,92.9
2011-02-24,41.91,72.98,21.285,89.65
2011-02-25,42.78,73.57,21.86,92.85
2011-02-28,42.67,74.79,21.47,93.42
2011-03-01,40.08,73.62,21.39,91.5
2011-03-02,40.6,71.76,21.49,90.99
2011-03-03,41.09,72.49,21.79,92.85
2011-03-04,40.36,72.81,21.56,91.4
2011-03-07,39.93,72.19,21.21,90.25
2011-03-08,40.88,73.62,21.13,89.85
2011-03-09,41.24,74.16,21.2,88.55
2011-03-10,40.45,73.38,20.79,84.61
2011-03-11,39.94,72.55,20.87,86.24
2011-03-14,39.86,71.84,20.84,85.36
2011-03-15,39.11,71.56,20.18,84.8
2011-03-16,38.82,69.76,19.8075,83.1
2011-03-17,39.11,70.46,19.9,87.05
2011-03-18,39.63,70.66,19.93,85.93
2011-03-21,41.0075,71.04,20.19,89.73
2011-03-22,39.16,71.55,20.145,88.77
2011-03-23,38.95,70.92,20.29,88.5
2011-03-24,39.03,72.11,20.38,88.1
2011-03-25,38.78,71.46,20.37,86.89
2011-03-28,38.31,71.26,20.34,90.43
2011-03-29,38.04,71.9,20.28,94.36
2011-03-30,38.8075,72.81,20.46,93.65
2011-03-31,38.36,73.32,20.18,93.26
2011-04-01,38.25,74.25,19.72,93.7
2011-04-04,38.38,74.17,19.49,92.77
2011-04-05,38.48,74.93,19.71,92.87
2011-04-06,38.83,74.99,19.95,91.94
2011-04-07,38.13,77.82,20.03,91.62
2011-04-08,37.4,76.41,20.02,90.85
2011-04-11,37.85,76.2,20.12,88.8
2011-04-12,38.43,76.45,19.76,86.24
2011-04-13,37.63,76.41,19.78,85.79
2011-04-14,37.47,76.34,19.58,86.02
2011-04-15,37.98,76.97,19.75,86.66
2011-04-18,37.55,76.9,19.62,84.75
2011-04-19,38.01,76.71,19.86,86.13
2011-04-20,37.55,78.56,21.41,87.89
2011-04-21,37.61,78.87,21.46,89.78
2011-04-22,37.61,78.87,21.46,89.78
2011-04-25,37.02,78.66,21.94,88.05
2011-04-26,37.07,79.78,22.48,89.47
2011-04-27,38.21,81.1,22.63,89.38
2011-04-28,38.33,81.46,22.8,89.11
2011-04-29,38.07,80.89,23.15,89.75
2011-05-02,38.05,81.04,22.91,87.79
2011-05-03,38.81,80.51,23.23,85.85
2011-05-04,38.9,80.14,23.5,84.79
2011-05-05,40.94,79.61,23.61,82.84
2011-05-06,40.18,80.45,23.25,82.66
2011-05-09,39.61,81.4,22.76,83.59
2011-05-10,40.6,82.23,23.03,84.49
2011-05-11,40.34,81.7,23.41,82.25
2011-05-12,41.34,83.32,23.705,83.52
2011-05-13,41.02,82.72,23.41,82.71
2011-05-16,39.82,82.31,23.64,82.19
2011-05-17,40.37,82.71,23.55,82.06
2011-05-18,40.22,83.24,23.88,83.75
2011-05-19,40.14,83.86,23.54,83.58
2011-05-20,39.56,83.4,23.22,83.5
2011-05-23,38.79,82.64,22.86,82.08
2011-05-24,38.05,81.35,22.61,83.28
2011-05-25,38.2,80.32,22.68,84.09
2011-05-26,38.08,80.81,22.5,85.19
2011-05-27,38.4,81.53,22.21,84.71
2011-05-30,38.4,81.53,22.21,84.71
2011-05-31,38.81,82.48,22.51,85.72
2011-06-01,37.17,80.21,22.0,83.19
2011-06-02,37.57,79.0,22.085,84.29
2011-06-03,36.65,77.81,21.73,85.04
2011-06-06,36.43,77.69,21.829,83.06
2011-06-07,36.79,78.36,22.06,82.88
2011-06-08,35.63,78.93,21.82,83.73
2011-06-09,35.99,79.03,21.76,85.84
2011-06-10,35.8,78.3,21.38,83.66
2011-06-13,35.27,78.45,21.385,82.7
2011-06-14,35.89,79.24,21.82,84.5
2011-06-15,34.8,77.93,21.42,82.66
2011-06-16,34.76,78.85,21.42,82.25
2011-06-17,35.27,79.63,21.19,81.79
2011-06-20,35.73,81.25,21.325,82.13
2011-06-21,37.24,81.39,21.65,83.5
2011-06-22,36.36,80.515,21.395,83.58
2011-06-23,37.64,80.4,21.71,83.07
2011-06-24,37.3,79.13,21.2,80.92
2011-06-27,37.45,79.85,21.34,80.64
2011-06-28,37.81,79.99,21.49,84.35
2011-06-29,37.38,80.03,21.39,85.21
2011-06-30,37.63,81.24,22.16,86.4
2011-07-01,38.79,81.54,22.53,87.6
2011-07-04,38.79,81.54,22.53,87.6
2011-07-05,38.33,81.29,22.44,88.35
2011-07-06,37.86,82.64,22.75,89.11
2011-07-07,38.1,82.06,23.23,90.4
2011-07-08,37.38,81.41,23.09,89.96
2011-07-11,36.39,80.68,22.85,88.07
2011-07-12,35.83,80.71,22.45,86.84
2011-07-13,36.01,80.84,22.48,87.0
2011-07-14,35.31,80.33,22.27,85.92
2011-07-15,35.19,79.865,22.37,87.99
2011-07-18,34.73,79.11,22.28,87.21
2011-07-19,35.67,80.81,23.06,88.7
2011-07-20,35.42,80.69,22.99,88.41
2011-07-21,36.28,81.52,22.81,90.96
2011-07-22,36.55,81.67,23.13,93.81
2011-07-25,36.14,81.16,23.03,94.7
2011-07-26,36.06,80.55,22.895,93.93
2011-07-27,34.97,78.39,22.53,91.68
2011-07-28,33.87,78.33,22.55,91.4
2011-07-29,33.3,78.25,22.33,90.37
2011-08-01,32.81,77.705,22.24,90.21
2011-08-02,31.77,75.83,21.72,87.62
2011-08-03,32.23,77.08,21.81,87.19
2011-08-04,31.49,76.51,20.85,80.79
2011-08-05,32.22,76.74,20.79,80.88
2011-08-08,30.53,70.62,20.11,73.67
2011-08-09,31.84,74.66,20.6,77.63
2011-08-10,29.42,70.39,19.93,73.81
2011-08-11,30.82,72.61,20.76,77.53
2011-08-12,31.1,72.79,20.65,77.99
2011-08-15,31.53,74.08,20.89,80.07
2011-08-16,31.47,75.135,20.79,78.63
2011-08-17,31.42,76.12,20.67,79.52
2011-08-18,30.03,74.36,19.77,74.41
2011-08-19,29.52,74.36,19.19,73.12
2011-08-22,29.84,74.42,19.38,72.49
2011-08-23,30.88,76.22,19.71,76.13
2011-08-24,31.55,77.49,19.8,76.23
2011-08-25,30.26,75.86,19.42,73.11
2011-08-26,30.91,77.21,19.77,74.84
2011-08-29,32.95,77.79,20.295,77.25
2011-08-30,32.68,78.07,20.24,77.33
2011-08-31,33.03,78.54,20.13,78.12
2011-09-01,31.96,79.48,19.99,76.5
2011-09-02,30.86,78.56,19.64,74.42
2011-09-05,30.86,78.56,19.64,74.42
2011-09-06,30.47,78.4,19.54,74.32
2011-09-07,31.83,80.61,20.08,76.79
2011-09-08,31.61,80.76,19.895,75.47
2011-09-09,30.68,78.9,19.7,71.8
2011-09-12,31.49,79.72,20.28,72.38
2011-09-13,32.25,80.71,20.76,72.13
2011-09-14,32.95,81.9,21.115,72.93
2011-09-15,33.32,83.01,21.54,74.22
2011-09-16,33.52,84.24,21.97,72.84
2011-09-19,32.25,85.03,21.93,70.76
2011-09-20,33.88,85.07,22.2,69.29
2011-09-21,32.76,84.43,21.94,65.15
2011-09-22,31.27,83.185,21.615,61.22
2011-09-23,31.32,83.37,22.16,61.2
2011-09-26,32.09,84.45,22.24,63.27
2011-09-27,32.25,84.33,22.54,63.42
2011-09-28,31.23,83.79,22.31,60.33
2011-09-29,32.07,82.98,22.21,61.33
2011-09-30,30.3,82.13,21.335,59.73
2011-10-03,29.61,81.63,20.62,57.72
2011-10-04,30.66,81.65,21.22,59.11
2011-10-05,30.75,80.25,21.85,61.58
2011-10-06,31.83,79.2,22.03,63.89
2011-10-07,31.61,79.02,22.29,62.64
2011-10-10,32.93,81.23,22.88,65.79
2011-10-11,32.9,80.9,22.99,66.82
2011-10-12,33.42,81.42,23.12,67.31
2011-10-13,33.68,81.67,23.39,67.2
2011-10-14,34.03,81.77,23.5,70.94
2011-10-17,33.23,82.36,23.28,67.52
2011-10-18,34.26,84.57,23.4,69.91
2011-10-19,33.73,84.38,24.24,67.9
2011-10-20,33.9,84.26,23.61,67.99
2011-10-21,35.08,85.3,24.03,67.38
2011-10-24,35.94,84.48,24.59,69.88
2011-10-25,35.14,83.23,24.63,68.03
2011-10-26,35.8,83.73,24.7,69.84
2011-10-27,36.79,85.22,25.13,75.77
2011-10-28,36.12,84.93,24.98,75.96
2011-10-31,35.21,83.25,24.54,73.47
2011-11-01,33.26,83.35,23.9,71.13
2011-11-02,33.92,84.43,23.85,72.74
2011-11-03,34.38,84.7,24.2,75.93
2011-11-04,34.08,83.81,23.74,74.97
2011-11-07,33.95,84.16,24.28,75.33
2011-11-08,34.4,85.0,24.75,76.83
2011-11-09,32.53,83.41,23.84,73.09
2011-11-10,32.94,82.72,24.06,74.05
2011-11-11,33.47,83.04,24.85,76.54
2011-11-14,33.18,83.45,24.63,75.62
2011-11-15,33.04,84.48,25.34,75.97
2011-11-16,31.83,82.94,24.94,74.77
2011-11-17,31.05,81.98,24.34,71.71
2011-11-18,32.22,81.72,24.29,71.32
2011-11-21,32.11,81.29,23.57,70.18
2011-11-22,31.54,81.81,23.24,68.95
2011-11-23,30.47,80.76,22.7,66.5
2011-11-24,30.47,80.76,22.7,66.5
2011-11-25,30.47,80.82,22.73,66.37
2011-11-28,31.75,82.23,23.46,69.22
2011-11-29,32.05,83.51,23.58,70.43
2011-11-30,33.2,85.3,24.91,75.33
2011-12-01,33.04,87.09,24.92,74.87
2011-12-02,33.43,86.73,24.64,75.01
2011-12-05,34.16,87.2,25.01,77.15
2011-12-06,34.11,88.06,25.35,76.65
2011-12-07,34.32,87.47,25.66,75.09
2011-12-08,33.43,85.76,24.71,71.95
2011-12-09,34.0,84.37,25.01,74.15
2011-12-12,33.93,84.15,24.0,71.92
2011-12-13,33.72,83.63,23.56,70.41
2011-12-14,32.92,82.75,23.31,67.0
2011-12-15,33.07,82.57,23.31,66.33
2011-12-16,33.87,82.57,23.23,66.91
2011-12-19,32.8,82.06,23.095,65.07
2011-12-20,32.75,83.64,23.84,68.17
2011-12-21,32.78,83.79,23.68,67.71
2011-12-22,32.64,83.77,24.02,67.93
2011-12-23,33.19,84.66,24.4,69.14
2011-12-26,33.19,84.66,24.4,69.14
2011-12-27,33.32,84.58,24.56,68.6
2011-12-28,32.49,84.18,24.225,67.04
2011-12-29,32.87,84.34,24.55,67.41
2011-12-30,32.64,83.32,24.25,68.31
2012-01-02,32.64,83.32,24.25,68.31
2012-01-03,32.96,84.6,24.54,70.09
2012-01-04,33.22,84.07,25.11,69.56
2012-01-05,33.27,83.26,25.4,68.07
2012-01-06,32.91,81.13,25.25,67.78
2012-01-09,33.08,79.01,25.465,68.82
2012-01-10,33.48,79.15,25.59,70.75
2012-01-11,34.36,79.99,25.8,70.16
2012-01-12,35.14,79.95,25.75,69.7
2012-01-13,34.28,80.61,25.14,67.99
2012-01-16,34.28,80.61,25.14,67.99
2012-01-17,29.6,81.42,25.04,67.64
2012-01-18,30.55,81.76,25.39,70.63
2012-01-19,31.91,81.21,25.63,72.86
2012-01-20,31.56,81.41,26.38,73.8
2012-01-23,31.51,81.64,26.71,74.16
2012-01-24,31.78,81.73,26.895,74.59
2012-01-25,31.15,82.72,26.9,76.19
2012-01-26,30.48,82.05799999999999,26.75,75.98
2012-01-27,30.48,81.62,26.73,76.66
2012-01-30,30.13,81.44,26.74,76.27
2012-01-31,30.2,82.27,26.42,75.17
2012-02-01,30.91,83.22,26.55,76.12
2012-02-02,31.16,85.51,26.49,77.31
2012-02-03,32.0,85.36,26.74,78.66
2012-02-06,31.97,85.04,26.72,79.64
2012-02-07,31.79,84.56,26.64,79.5
2012-02-08,32.0,84.28,26.85,78.41
2012-02-09,31.97,84.53,26.86,78.64
2012-02-10,31.05,84.2,26.695,77.17
2012-02-13,30.53,83.87,26.7,78.03
2012-02-14,30.44,84.1,26.78,77.8
2012-02-15,30.26,83.24,26.58,77.36
2012-02-16,30.59,84.05,26.825,78.06
2012-02-17,30.97,84.47,27.37,77.74
2012-02-20,30.97,84.47,27.37,77.74
2012-02-21,30.74,84.26,27.16,78.58
2012-02-22,30.1,84.31,26.73,80.0
2012-02-23,30.16,84.77,26.66,79.59
2012-02-24,29.97,84.4,26.7,79.85
2012-02-27,29.96,85.09,26.89,79.11
2012-02-28,30.01,85.27,27.24,78.78
2012-02-29,30.29,86.06,26.88,77.61
2012-03-01,30.5,86.16,26.86,78.37
2012-03-02,30.57,86.23,26.915,77.19
2012-03-05,30.32,87.63,26.54,75.69
2012-03-06,29.48,87.58,26.605,73.79
2012-03-07,30.43,87.89,26.91,74.7
2012-03-08,30.95,88.3,26.84,75.82
2012-03-09,30.57,89.34,27.07,75.84
2012-03-12,30.88,89.43,26.985,74.02
2012-03-13,32.04,89.98,27.49,74.77
2012-03-14,31.93,90.9,27.46,74.02
2012-03-15,32.39,91.46,27.75,74.92
2012-03-16,32.32,90.44,27.73,76.76
2012-03-19,32.83,90.02,27.74,77.1
2012-03-20,32.48,90.26,27.75,75.71
2012-03-21,32.07,90.64,27.775,74.01
2012-03-22,31.86,90.5,27.895,71.98
2012-03-23,31.91,90.27,27.875,73.18
2012-03-26,32.6,91.52,28.19,72.4
2012-03-27,32.46,91.28,28.19,69.96
2012-03-28,32.42,90.62,27.8,69.78
2012-03-29,32.04,89.84,28.16,69.14
2012-03-30,32.08,90.8,28.115,69.93
2012-04-02,31.69,91.84,28.38,69.84
2012-04-03,31.67,90.39,28.11,69.73
2012-04-04,30.71,89.04,27.93,68.69
2012-04-05,30.68,88.65,28.07,68.42
2012-04-06,30.68,88.65,28.07,68.42
2012-04-09,31.02,87.88,27.76,67.59
2012-04-10,30.49,86.89,27.45,67.26
2012-04-11,31.25,87.32,27.85,68.12
2012-04-12,31.435,87.18,28.48,70.34
2012-04-13,31.22,86.32,28.09,68.38
2012-04-16,31.44,86.88,28.405,67.44
2012-04-17,31.93,87.67,28.47,69.35
2012-04-18,32.03,88.07,27.95,69.93
2012-04-19,32.6,87.12,27.69,69.8
2012-04-20,31.68,87.58,27.6,71.7
2012-04-23,31.47,86.62,27.45,71.19
2012-04-24,31.96,86.43,27.31,72.71
2012-04-25,32.09,87.28,27.86,74.46
2012-04-26,32.58,88.08,28.22,74.25
2012-04-27,32.84,88.69,28.38,73.95
2012-04-30,32.495,88.18,28.395,74.14
2012-05-01,33.01,86.97,28.95,75.13
2012-05-02,33.06,86.64,29.18,74.17
2012-05-03,32.54,84.24,28.56,72.61
2012-05-04,32.26,83.39,27.9,69.96
2012-05-07,31.99,83.15,27.76,70.6
2012-05-08,31.84,82.64,27.37,70.39
2012-05-09,31.34,82.62,27.19,69.64
2012-05-10,31.37,83.88,27.24,69.44
2012-05-11,31.46,84.6,27.63,68.8
2012-05-14,31.63,84.3,27.015,67.25
2012-05-15,31.92,84.58,26.88,65.52
2012-05-16,31.76,84.91,26.495,64.81
2012-05-17,31.58,83.47,26.19,64.75
2012-05-18,30.86,82.94,26.07,64.06
2012-05-21,31.74,83.73,26.15,66.76
2012-05-22,32.03,83.38,26.03,66.4
2012-05-23,31.85,83.31,25.44,67.18
2012-05-24,32.16,84.48,25.65,65.85
2012-05-25,31.95,84.48,25.74,65.41
2012-05-28,31.95,84.48,25.74,65.41
2012-05-29,32.26,86.64,26.09,67.24
2012-05-30,31.92,85.81,26.13,64.18
2012-05-31,32.09,86.39,25.84,63.25
2012-06-01,31.08,85.49,25.14,62.07
2012-06-04,31.02,86.56,25.04,62.21
2012-06-05,31.075,86.77,25.43,62.24
2012-06-06,31.82,87.78,26.07,64.59
2012-06-07,32.15,88.13,25.94,64.43
2012-06-08,33.03,88.74,26.41,64.54
2012-06-11,32.72,87.91,25.985,64.07
2012-06-12,33.82,88.5,26.52,64.93
2012-06-13,33.58,87.43,26.54,63.95
2012-06-14,34.56,89.83,26.98,65.38
2012-06-15,34.76,91.44,27.34,66.46
2012-06-18,34.72,92.03,27.42,66.54
2012-06-19,35.11,91.86,27.51,67.15
2012-06-20,35.34,91.49,27.64,65.54
2012-06-21,34.58,90.4,26.71,62.56
2012-06-22,33.66,90.93,26.935,61.56
2012-06-25,33.5,90.87,26.05,60.06
2012-06-26,33.73,91.69,26.005,59.67
2012-06-27,33.75,91.32,26.22,61.47
2012-06-28,33.74,92.92,25.83,62.72
2012-06-29,34.27,95.0,26.65,64.91
2012-07-02,34.42,94.4,26.665,64.94
2012-07-03,34.29,94.42,26.86,67.34
2012-07-04,34.29,94.42,26.86,67.34
2012-07-05,33.99,94.0,26.55,66.1
2012-07-06,33.68,93.68,26.155,65.17
2012-07-09,33.3,93.97,26.17,65.82
2012-07-10,32.94,93.8,25.56,64.97
2012-07-11,32.81,94.5,25.39,65.66
2012-07-12,32.1,94.02,24.74,65.39
2012-07-13,32.44,94.81,25.25,66.72
2012-07-16,32.46,95.15,25.13,66.3
2012-07-17,32.79,96.06,25.38,67.79
2012-07-18,32.94,95.96,26.21,68.76
2012-07-19,33.4,95.95,26.06,68.64
2012-07-20,32.91,95.61,25.52,69.33
2012-07-23,32.28,94.39,25.26,69.55
2012-07-24,31.88,94.08,25.005,67.94
2012-07-25,32.42,93.75,25.13,68.25
2012-07-26,32.715,95.91,25.5,71.31
2012-07-27,33.8,97.11,26.02,72.96
2012-07-30,33.75,96.46,25.76,72.54
2012-07-31,33.28,96.18,25.7,71.26
2012-08-01,33.61,95.94,25.93,71.68
2012-08-02,33.03,95.7,25.91,70.83
2012-08-03,34.03,97.21,26.23,72.39
2012-08-06,34.18,96.5,26.31,72.4
2012-08-07,34.43,95.8,26.5,73.61
2012-08-08,34.1,95.63,26.6,73.66
2012-08-09,34.01,95.37,26.7,74.33
2012-08-10,34.05,95.3,26.88,75.35
2012-08-13,33.99,95.63,26.69,75.2
2012-08-14,33.99,95.67,26.48,74.47
2012-08-15,33.68,96.47,26.27,73.87
2012-08-16,34.0,96.48,26.59,74.98
2012-08-17,34.14,96.14,26.33,74.78
2012-08-20,34.25,96.02,26.23,74.34
2012-08-21,34.6,95.29,26.11,74.35
2012-08-22,34.09,95.53,25.73,74.82
2012-08-23,33.31,94.74,25.04,74.19
2012-08-24,33.27,96.25,24.91,74.59
2012-08-27,33.96,96.64,24.84,74.85
2012-08-28,34.98,96.57,25.0,74.38
2012-08-29,35.18,97.11,24.668000000000003,72.96
2012-08-30,35.03,98.59,24.27,71.6
2012-08-31,34.68,97.87,24.83,72.38
2012-09-03,34.68,97.87,24.83,72.38
2012-09-04,34.79,98.15,24.415,71.42
2012-09-05,34.72,98.22,24.39,71.25
2012-09-06,35.93,99.98,25.095,72.46
2012-09-07,37.05,99.72,24.19,73.17
2012-09-10,36.52,100.45,23.26,72.69
2012-09-11,36.89,99.52,23.34,73.66
2012-09-12,36.85,100.89,23.19,74.32
2012-09-13,37.82,102.75,23.355,75.67
2012-09-14,37.96,102.185,23.37,77.6
2012-09-17,37.64,102.25,23.31,77.14
2012-09-18,37.59,101.99,23.37,76.23
2012-09-19,37.71,101.88,23.15,74.71
2012-09-20,37.6,102.64,23.1788,75.23
2012-09-21,37.39,102.36,23.125,75.02
2012-09-24,37.0,102.61,22.795,74.26
2012-09-25,37.08,101.44,22.535,72.69
2012-09-26,36.76,101.0,22.645,72.05
2012-09-27,36.5,100.3,23.085,73.24
2012-09-28,36.43,100.16,22.655,72.33
2012-10-01,36.02,100.51,22.755,72.58
2012-10-02,36.15,99.49,22.84,72.26
2012-10-03,36.57,99.62,22.55,71.19
2012-10-04,36.87,101.48,22.465,71.67
2012-10-05,37.13,101.79,22.68,71.49
2012-10-08,37.15,101.35,22.51,71.61
2012-10-09,36.88,99.6401,21.9,71.73
2012-10-10,36.63,101.55799999999999,21.76,71.08
2012-10-11,36.87,98.325,21.68,72.42
2012-10-12,36.76,97.55,21.4803,72.19
2012-10-15,37.28,96.51,21.73,72.76
2012-10-16,37.8,97.0029,22.35,73.52
2012-10-17,38.56,96.78,21.79,74.55
2012-10-18,38.81,96.33,21.67,74.8
2012-10-19,38.19,94.78,21.265,74.0
2012-10-22,38.45,95.0,21.46,73.16
2012-10-23,37.74,95.18,21.59,71.26
2012-10-24,37.77,95.62,21.46,70.09
2012-10-25,38.66,96.62,21.69,70.74
2012-10-26,37.85,96.94,21.95,70.1
2012-10-29,37.85,96.94,21.95,70.1
2012-10-30,37.85,96.94,21.95,70.1
2012-10-31,37.87,98.43,21.63,69.53
2012-11-01,38.85,97.1306,22.26,70.15
2012-11-02,38.75,96.12,22.06,68.77
2012-11-05,38.66,97.73,21.8391,69.95
2012-11-06,38.97,98.79,21.73,71.15
2012-11-07,38.65,97.3,20.91,70.13
2012-11-08,38.27,94.74,20.83,67.77
2012-11-09,39.16,95.46,20.8,68.37
2012-11-12,38.46,95.98,20.765,68.48
2012-11-13,38.41,95.69,20.28,69.07
2012-11-14,37.83,94.47,19.96,67.83
2012-11-15,37.39,95.7,20.03,69.16
2012-11-16,37.25,95.69,20.19,68.22
2012-11-19,38.24,96.5703,20.25,70.69
2012-11-20,38.18,97.12,19.5132,70.02
2012-11-21,38.3,96.74,19.36,70.21
2012-11-22,38.3,96.74,19.36,70.21
2012-11-23,39.08,97.92,19.72,71.18
2012-11-26,38.48,96.26,19.885,70.43
2012-11-27,38.12,96.51,19.93,69.87
2012-11-28,38.66,102.58,20.09,70.73
2012-11-29,38.6,101.88,19.53,70.6
2012-11-30,38.66,103.92,19.565,71.62
2012-12-03,38.38,104.59,19.54,71.02
2012-12-04,37.78,104.4,19.9694,71.22
2012-12-05,37.21,105.9483,19.85,71.32
2012-12-06,37.56,98.47,20.16,71.5
2012-12-07,37.91,98.56,20.155,71.83
2012-12-10,37.87,98.95,20.08,72.0
2012-12-11,37.85,98.31,20.65,72.6
2012-12-12,37.87,97.72,20.67,72.79
2012-12-13,37.71,97.8492,20.49,72.56
2012-12-14,37.72,96.9173,20.5267,68.91
2012-12-17,38.6,98.78,20.57,69.68
2012-12-18,39.32,99.8566,20.96,71.35
2012-12-19,39.06,98.68,21.1,70.66
2012-12-20,36.99,99.2,21.0293,71.1
2012-12-21,37.02,99.49,20.765,69.69
2012-12-24,37.08,99.44,20.64,69.28
2012-12-25,37.08,99.44,20.64,69.28
2012-12-26,36.6,98.68,20.65,69.1
2012-12-27,36.7,97.92,20.51,69.17
2012-12-28,36.03,96.97,20.23,67.96
2012-12-31,36.77,98.73,20.62,69.2986
2013-01-01,36.77,98.73,20.62,69.2986
2013-01-02,37.5,101.45,21.38,71.4
2013-01-03,37.03,102.49,21.32,70.92
2013-01-04,37.06,102.16,21.16,72.01
2013-01-07,36.94,101.37,21.25,72.21
2013-01-08,37.0,101.18,21.09,72.51
2013-01-09,37.1,101.23,21.45,72.2
2013-01-10,37.14,100.74,21.8,73.25
2013-01-11,37.03,100.28,22.0,73.75
2013-01-14,37.37,100.37,21.999000000000002,72.77
2013-01-15,37.65,101.15,21.88,72.59
2013-01-16,37.82,101.53,22.11,73.22
2013-01-17,38.19,100.96,22.68,73.37
2013-01-18,38.58,101.2,21.25,76.5
2013-01-21,38.58,101.2,21.25,76.5
2013-01-22,38.43,102.15,21.17,78.0
2013-01-23,38.67,102.12,21.11,78.17
2013-01-24,38.9,102.89,20.95,78.02
2013-01-25,39.12,102.36,20.96,79.51
2013-01-28,39.03,102.49,21.05,79.28
2013-01-29,38.72,103.36,21.28,79.95
2013-01-30,38.89,102.53,21.37,78.6
2013-01-31,38.72,102.34,21.04,78.05
2013-02-01,39.15,104.15,21.355,79.7
2013-02-04,38.49,102.48,21.16,79.45
2013-02-05,38.56,103.31,21.1784,80.16
2013-02-06,38.8,101.7,20.99,78.73
2013-02-07,38.98,101.85,20.81,78.0
2013-02-08,39.01,102.79,21.0,79.07
2013-02-11,38.72,101.99,21.03,77.93
2013-02-12,39.02,101.76,21.19,78.53
2013-02-13,37.46,101.63,21.25,78.63
2013-02-14,37.35,102.02,21.23,81.56
2013-02-15,36.92,102.17,21.115,80.03
2013-02-18,36.92,102.17,21.115,80.03
2013-02-19,36.51,101.9,21.085,79.99
2013-02-20,35.43,101.08,20.73,78.53
2013-02-21,35.36,100.69,20.25,77.43
2013-02-22,34.99,101.16,20.42,77.79
2013-02-25,34.43,100.09,20.23,75.83
2013-02-26,34.63,99.45,20.58,76.33
2013-02-27,35.55,100.73,20.93,77.9
2013-02-28,35.77,101.29,20.88,77.85
2013-03-01,35.85,101.42,21.03,77.64
2013-03-04,36.14,103.43,21.27,76.5
2013-03-05,36.2,103.15,21.51,76.95
2013-03-06,36.14,102.56,21.75,77.16
2013-03-07,36.24,101.97,21.89,77.82
2013-03-08,35.67,103.04,21.58,77.96
2013-03-11,35.64,102.44,21.69,77.78
2013-03-12,35.34,103.75,21.64,77.44
2013-03-13,35.71,103.42,21.655,77.39
2013-03-14,35.73,102.91,21.65,78.75
2013-03-15,34.95,101.74600000000001,21.375,79.4
2013-03-18,33.92,101.68,21.26,76.34
2013-03-19,33.21,102.12,21.14,73.98
2013-03-20,33.64,103.08,21.18,73.79
2013-03-21,33.63,103.52,21.04,73.44
2013-03-22,34.04,105.11,21.33,74.37
2013-03-25,33.64,105.47,21.15,73.86
2013-03-26,33.77,105.97,21.765,74.42
2013-03-27,33.63,106.64,21.83,75.1
2013-03-28,34.3,106.11,21.835,74.89
2013-03-29,34.3,106.11,21.835,74.89
2013-04-01,33.96,105.81,21.43,74.02
2013-04-02,34.22,107.68,21.455,74.81
2013-04-03,33.63,106.36,21.05,74.01
2013-04-04,33.1,106.36,21.135,73.94
2013-04-05,33.55,105.8,20.94,74.35
2013-04-08,33.74,107.04,21.09,74.96
2013-04-09,33.93,105.79,21.75,75.43
2013-04-10,34.08,105.75,22.26,76.99
2013-04-11,34.12,106.01,21.825,77.14
2013-04-12,34.13,106.13,21.675,75.66
2013-04-15,33.17,104.21,21.38,71.89
2013-04-16,33.31,105.55,21.915,73.29
2013-04-17,33.23,104.77,21.93,70.97
2013-04-18,33.27,103.61,22.24,71.0
2013-04-19,33.39,104.45,22.44,69.95
2013-04-22,33.16,105.16,22.88,71.23
2013-04-23,33.53,107.25,23.375,71.94
2013-04-24,33.32,107.83,23.66,73.17
2013-04-25,34.61,109.13,23.38,73.44
2013-04-26,34.46,109.27,23.4,73.34
2013-04-29,34.82,108.63,23.76,74.03
2013-04-30,34.51,108.43,23.95,74.43
2013-05-01,33.93,108.22,23.99,73.79
2013-05-02,34.4,108.69,24.11,74.25
2013-05-03,35.34,109.75,23.96,75.72
2013-05-06,35.05,109.09,23.91,76.16
2013-05-07,35.54,109.71,24.15,76.89
2013-05-08,35.61,109.61,24.25,77.59
2013-05-09,35.22,109.14,24.36,77.25
2013-05-10,35.12,109.99,24.5,76.82
2013-05-13,34.79,110.01,24.08,77.04
2013-05-14,35.2,111.39,23.84,76.86
2013-05-15,35.05,112.82,24.2,75.68
2013-05-16,34.96,111.51,23.94,75.27
2013-05-17,35.0,113.05,24.04,75.74
2013-05-20,35.32,112.02,24.08,77.42
2013-05-21,33.81,113.48,24.15,77.08
2013-05-22,33.04,113.38,24.07,75.58
2013-05-23,32.99,113.19,24.05,75.38
2013-05-24,32.88,114.39,23.923000000000002,74.66
2013-05-27,32.88,114.39,23.923000000000002,74.66
2013-05-28,33.0,114.83,24.08,75.4
2013-05-29,33.1,112.95,24.27,74.98
2013-05-30,33.51,111.88,24.21,74.81
2013-05-31,33.1,109.631,24.28,73.03
2013-06-03,32.66,110.88,25.24,73.25
2013-06-04,32.36,110.66,25.36,72.85
2013-06-05,32.2,109.17,24.7,72.18
2013-06-06,32.23,111.09,24.65,73.3
2013-06-07,32.71,110.58,24.59,73.93
2013-06-10,32.47,110.31,25.01,73.3
2013-06-11,32.34,110.02,24.71,71.44
2013-06-12,32.72,109.4,24.46,70.95
2013-06-13,33.92,110.88,24.99,72.46
2013-06-14,33.84,111.0,24.92,71.6
2013-06-17,33.7,111.7,25.1,73.1
2013-06-18,34.31,112.085,25.465,74.16
2013-06-19,33.82,110.19,25.0,73.4
2013-06-20,33.44,107.56,24.185,72.14
2013-06-21,33.43,108.65,24.195,72.83
2013-06-24,33.22,109.64,23.58,71.24
2013-06-25,34.89,110.25,23.88,72.09
2013-06-26,34.78,111.18,24.005,71.81
2013-06-27,34.29,111.49,24.05,71.93
2013-06-28,34.29,110.57,24.23,71.66
2013-07-01,34.65,110.43,23.886,72.78
2013-07-02,34.88,110.85,23.72,72.61
2013-07-03,34.85,110.91,23.761999999999997,73.01
2013-07-04,34.85,110.91,23.761999999999997,73.01
2013-07-05,35.19,111.76,24.06,74.09
2013-07-08,35.11,112.62,23.185,74.79
2013-07-09,35.16,113.35,23.135,76.54
2013-07-10,35.37,113.65,23.25,76.18
2013-07-11,36.03,115.895,23.99,76.63
2013-07-12,36.06,116.46,23.9,76.84
2013-07-15,36.04,115.89,23.94,77.02
2013-07-16,36.25,116.53,24.25,76.52
2013-07-17,36.3,117.4,24.15,77.61
2013-07-18,36.66,117.06,23.244,78.48
2013-07-19,36.63,118.07,23.04,82.74
2013-07-22,36.51,118.05,22.77,83.81
2013-07-23,36.72,119.1,22.75,83.57
2013-07-24,36.92,117.9,22.93,82.85
2013-07-25,36.91,117.45,23.06,82.57
2013-07-26,37.36,116.57,23.26,81.91
2013-07-29,37.05,117.14,23.24,81.15
2013-07-30,36.99,116.93,23.38,81.43
2013-07-31,37.03,117.42,23.335,81.33
2013-08-01,37.71,118.34,23.2,83.55
2013-08-02,37.7,119.37,23.22,82.89
2013-08-05,37.68,120.07,22.924,82.89
2013-08-06,37.35,119.5,22.8,82.22
2013-08-07,37.0,119.34,22.7,81.05
2013-08-08,36.93,117.39,22.45,81.23
2013-08-09,36.51,115.63,22.51,80.49
2013-08-12,36.29,115.73,22.64,80.25
2013-08-13,36.59,115.65,22.52,82.22
2013-08-14,36.91,113.78,22.57,82.16
2013-08-15,36.69,111.79,22.03,81.99
2013-08-16,36.52,111.9,21.915,81.92
2013-08-19,35.89,112.08,22.28,80.41
2013-08-20,36.16,112.84,22.523000000000003,80.62
2013-08-21,36.43,111.96,22.17,80.05
2013-08-22,37.41,112.24,22.26,82.21
2013-08-23,37.37,113.07,22.44,81.67
2013-08-26,37.48,111.87,22.275,81.9
2013-08-27,36.57,111.67,22.191,81.17
2013-08-28,35.97,110.46,22.285,82.68
2013-08-29,36.07,111.39,22.06,81.6
2013-08-30,36.09,111.87,21.98,80.94
2013-09-02,36.09,111.87,21.98,80.94
2013-09-03,35.98,111.98,22.066999999999997,82.42
2013-09-04,35.88,111.5,22.635,82.86
2013-09-05,35.94,114.62,22.6,84.22
2013-09-06,35.86,114.35,22.67,85.14
2013-09-09,36.43,115.35,22.91,86.45
2013-09-10,37.19,117.32,22.985,86.9
2013-09-11,37.41,119.25,22.81,87.05
2013-09-12,37.18,118.19,22.63,86.58
2013-09-13,37.43,117.03,23.44,86.72
2013-09-16,37.34,117.35,23.39,87.0
2013-09-17,37.62,117.91,23.74,87.74
2013-09-18,37.65,118.64200000000001,23.9,88.95
2013-09-19,37.7,119.2,23.915,88.79
2013-09-20,37.08,117.94,23.769000000000002,87.44
2013-09-23,37.4,117.57,23.62,87.04
2013-09-24,34.54,116.34,23.705,87.91
2013-09-25,32.7,115.41,23.7,88.57
2013-09-26,32.93,116.4,23.41,88.83
2013-09-27,32.88,115.72,22.98,88.82
2013-09-30,32.64,115.17,22.921,88.36
2013-10-01,32.58,115.0,22.83,89.05
2013-10-02,32.33,114.82,22.885,89.85
2013-10-03,32.36,114.42,22.6,89.44
2013-10-04,32.43,114.44,22.81,90.01
2013-10-07,32.19,113.41,22.83,89.29
2013-10-08,31.72,112.21,22.48,87.95
2013-10-09,31.6,114.59,22.59,87.04
2013-10-10,31.86,115.7,23.1,89.42
2013-10-11,32.25,115.9,23.255,90.02
2013-10-14,32.1,116.26,23.45,91.17
2013-10-15,31.96,115.36,23.39,90.54
2013-10-16,32.16,117.36,23.695,92.18
2013-10-17,32.89,118.258,23.92,91.43
2013-10-18,32.74,117.64,23.875,93.99
2013-10-21,33.48,117.38,24.135,93.48
2013-10-22,34.18,117.81,24.070999999999998,94.46
2013-10-23,33.85,117.16,23.735,92.84
2013-10-24,34.69,116.24,23.78,92.85
2013-10-25,34.63,116.44,24.235,92.9
2013-10-28,34.89,117.35,24.36,92.85
2013-10-29,34.97,118.75,24.523000000000003,94.0
2013-10-30,34.9,117.76,24.495,93.88
2013-10-31,34.65,118.0,24.47,93.72
2013-11-01,34.84,119.618,24.325,93.0
2013-11-04,35.2,120.34,24.255,93.51
2013-11-05,35.39,120.13,24.03,92.39
2013-11-06,36.32,124.07,24.245,93.23
2013-11-07,35.66,122.78,24.059,92.05
2013-11-08,36.27,122.78,24.09,93.79
2013-11-11,36.1,123.02,24.169,93.87
2013-11-12,35.67,122.45,24.43,91.99
2013-11-13,35.83,123.17,24.6,93.08
2013-11-14,36.11,123.74,24.385,93.31
2013-11-15,36.0,124.29,24.52,92.98
2013-11-18,35.67,123.31,24.6,92.02
2013-11-19,35.61,123.63,24.7,91.28
2013-11-20,35.75,122.76,24.56,90.45
2013-11-21,35.88,123.89,25.23,91.01
2013-11-22,36.12,125.21,23.87,92.73
2013-11-25,36.3,125.17,23.75,89.81
2013-11-26,35.96,125.18,23.65,89.46
2013-11-27,36.19,125.38,23.9,87.95
2013-11-28,36.19,125.38,23.9,87.95
2013-11-29,36.11,125.43,23.84,88.42
2013-12-02,36.08,123.69,23.7,87.6
2013-12-03,35.85,123.82,23.55,87.64
2013-12-04,35.55,122.97,23.74,87.28
2013-12-05,34.99,120.95,24.26,86.87
2013-12-06,35.34,122.06,24.82,88.15
2013-12-09,35.6,121.66,24.93,88.03
2013-12-10,35.69,120.04,24.82,87.01
2013-12-11,35.38,118.57,24.42,86.14
2013-12-12,35.34,118.22,24.47,86.96
2013-12-13,35.99,117.91,24.29,86.37
2013-12-16,36.47,118.0,24.45,87.0
2013-12-17,36.55,117.55,24.655,85.54
2013-12-18,37.11,118.5,25.15,87.26
2013-12-19,38.05,117.99,25.14,86.47
2013-12-20,38.85,118.53,25.055,87.27
2013-12-23,39.15,118.69,25.32,87.32
2013-12-24,39.44,118.69,25.43,88.31
2013-12-25,39.44,118.69,25.43,88.31
2013-12-26,39.54,118.63,25.7,89.39
2013-12-27,39.89,118.53,25.6,89.9
2013-12-30,40.14,118.77,25.85,89.17
2013-12-31,40.17,119.02,25.955,90.11
